Sex_b,Age_pre,Pclass,Embarked_S,Embarked_C,SibSp,Parch,Fare,Cabin_null,Cabin_C,Cabin_E,Cabin_G,Cabin_D,Cabin_A,Cabin_B,Cabin_F,Cabin_T,Name_Miss,Name_Mrs,Name_Master,Name_Col,Name_Major,Name_Mr,Name_Dr,Name_Don,Name_Sir,Ticket_num,Ticket_cat,Survived
0,22.0,3,1,0,1,0,7.25,1,0,0,0,0,0,0,0,0,0,0,0,0,0,1,0,0,0,21171,0,0
1,38.0,1,0,0,1,0,71.2833,0,1,0,0,0,0,0,0,0,0,1,0,0,0,1,0,0,0,17599,1,1
1,26.0,3,1,0,0,0,7.925,1,0,0,0,0,0,0,0,0,1,0,0,0,0,0,0,0,0,3101282,2,1
1,35.0,1,1,0,1,0,53.1,0,1,0,0,0,0,0,0,0,0,1,0,0,0,1,0,0,0,113803,3,1
0,35.0,3,1,0,0,0,8.05,1,0,0,0,0,0,0,0,0,0,0,0,0,0,1,0,0,0,373450,4,0
0,29.0,3,0,1,0,0,8.4583,1,0,0,0,0,0,0,0,0,0,0,0,0,0,1,0,0,0,330877,5,0
0,54.0,1,1,0,0,0,51.8625,0,0,1,0,0,0,0,0,0,0,0,0,0,0,1,0,0,0,17463,6,0
0,2.0,3,1,0,3,1,21.075,1,0,0,0,0,0,0,0,0,0,0,1,0,0,0,0,0,0,349909,7,0
1,27.0,3,1,0,0,2,11.1333,1,0,0,0,0,0,0,0,0,0,1,0,0,0,1,0,0,0,347742,8,1
1,14.0,2,0,0,1,0,30.0708,1,0,0,0,0,0,0,0,0,0,1,0,0,0,1,0,0,0,237736,9,1
1,4.0,3,1,0,1,1,16.7,0,0,0,1,0,0,0,0,0,1,0,0,0,0,0,0,0,0,9549,10,1
1,58.0,1,1,0,0,0,26.55,0,1,0,0,0,0,0,0,0,1,0,0,0,0,0,0,0,0,113783,11,1
0,20.0,3,1,0,0,0,8.05,1,0,0,0,0,0,0,0,0,0,0,0,0,0,1,0,0,0,2151,12,0
0,39.0,3,1,0,1,5,31.275,1,0,0,0,0,0,0,0,0,0,0,0,0,0,1,0,0,0,347082,13,0
1,14.0,3,1,0,0,0,7.8542,1,0,0,0,0,0,0,0,0,1,0,0,0,0,0,0,0,0,350406,14,0
1,55.0,2,1,0,0,0,16.0,1,0,0,0,0,0,0,0,0,0,1,0,0,0,1,0,0,0,248706,15,1
0,2.0,3,0,1,4,1,29.125,1,0,0,0,0,0,0,0,0,0,0,1,0,0,0,0,0,0,382652,16,0
0,29.0,2,1,0,0,0,13.0,1,0,0,0,0,0,0,0,0,0,0,0,0,0,1,0,0,0,244373,17,1
1,31.0,3,1,0,1,0,18.0,1,0,0,0,0,0,0,0,0,0,1,0,0,0,1,0,0,0,345763,18,0
1,29.0,3,0,0,0,0,7.225,1,0,0,0,0,0,0,0,0,0,1,0,0,0,1,0,0,0,2649,19,1
0,35.0,2,1,0,0,0,26.0,1,0,0,0,0,0,0,0,0,0,0,0,0,0,1,0,0,0,239865,20,0
0,34.0,2,1,0,0,0,13.0,0,0,0,0,1,0,0,0,0,0,0,0,0,0,1,0,0,0,248698,21,1
1,15.0,3,0,1,0,0,8.0292,1,0,0,0,0,0,0,0,0,1,0,0,0,0,0,0,0,0,330923,22,1
0,28.0,1,1,0,0,0,35.5,0,0,0,0,0,1,0,0,0,0,0,0,0,0,1,0,0,0,113788,23,1
1,8.0,3,1,0,3,1,21.075,1,0,0,0,0,0,0,0,0,1,0,0,0,0,0,0,0,0,349909,7,0
1,38.0,3,1,0,1,5,31.3875,1,0,0,0,0,0,0,0,0,0,1,0,0,0,1,0,0,0,347077,24,1
0,29.0,3,0,0,0,0,7.225,1,0,0,0,0,0,0,0,0,0,0,0,0,0,1,0,0,0,2631,25,0
0,19.0,1,1,0,3,2,263.0,0,3,0,0,0,0,0,0,0,0,0,0,0,0,1,0,0,0,19950,26,0
1,29.0,3,0,1,0,0,7.8792,1,0,0,0,0,0,0,0,0,1,0,0,0,0,0,0,0,0,330959,27,1
0,29.0,3,1,0,0,0,7.8958,1,0,0,0,0,0,0,0,0,0,0,0,0,0,1,0,0,0,349216,28,0
0,40.0,1,0,0,0,0,27.7208,1,0,0,0,0,0,0,0,0,0,0,0,0,0,0,0,1,0,17601,29,0
1,29.0,1,0,0,1,0,146.5208,0,0,0,0,0,0,1,0,0,0,1,0,0,0,1,0,0,0,17569,30,1
1,29.0,3,0,1,0,0,7.75,1,0,0,0,0,0,0,0,0,1,0,0,0,0,0,0,0,0,335677,31,1
0,66.0,2,1,0,0,0,10.5,1,0,0,0,0,0,0,0,0,0,0,0,0,0,1,0,0,0,24579,32,0
0,28.0,1,0,0,1,0,82.1708,1,0,0,0,0,0,0,0,0,0,0,0,0,0,1,0,0,0,17604,33,0
0,42.0,1,1,0,1,0,52.0,1,0,0,0,0,0,0,0,0,0,0,0,0,0,1,0,0,0,113789,34,0
0,29.0,3,0,0,0,0,7.2292,1,0,0,0,0,0,0,0,0,0,0,0,0,0,1,0,0,0,2677,35,1
0,21.0,3,1,0,0,0,8.05,1,0,0,0,0,0,0,0,0,0,0,0,0,0,1,0,0,0,2152,36,0
1,18.0,3,1,0,2,0,18.0,1,0,0,0,0,0,0,0,0,1,0,0,0,0,0,0,0,0,345764,37,0
1,14.0,3,0,0,1,0,11.2417,1,0,0,0,0,0,0,0,0,1,0,0,0,0,0,0,0,0,2651,38,1
1,40.0,3,1,0,1,0,9.475,1,0,0,0,0,0,0,0,0,0,1,0,0,0,1,0,0,0,7546,39,0
1,27.0,2,1,0,1,0,21.0,1,0,0,0,0,0,0,0,0,0,1,0,0,0,1,0,0,0,11668,40,0
0,29.0,3,0,0,0,0,7.8958,1,0,0,0,0,0,0,0,0,0,0,0,0,0,1,0,0,0,349253,41,0
1,3.0,2,0,0,1,2,41.5792,1,0,0,0,0,0,0,0,0,1,0,0,0,0,0,0,0,0,2123,42,1
1,19.0,3,0,1,0,0,7.8792,1,0,0,0,0,0,0,0,0,1,0,0,0,0,0,0,0,0,330958,43,1
0,29.0,3,1,0,0,0,8.05,1,0,0,0,0,0,0,0,0,0,0,0,0,0,1,0,0,0,23567,44,0
0,29.0,3,0,1,1,0,15.5,1,0,0,0,0,0,0,0,0,0,0,0,0,0,1,0,0,0,370371,45,0
1,29.0,3,0,1,0,0,7.75,1,0,0,0,0,0,0,0,0,1,0,0,0,0,0,1,0,0,14311,46,1
0,29.0,3,0,0,2,0,21.6792,1,0,0,0,0,0,0,0,0,0,0,0,0,0,1,0,0,0,2662,47,0
1,18.0,3,1,0,1,0,17.8,1,0,0,0,0,0,0,0,0,0,1,0,0,0,1,0,0,0,349237,48,0
0,7.0,3,1,0,4,1,39.6875,1,0,0,0,0,0,0,0,0,0,0,1,0,0,0,0,0,0,3101295,49,0
0,21.0,3,1,0,0,0,7.8,1,0,0,0,0,0,0,0,0,0,0,0,0,0,1,0,0,0,39886,50,0
1,49.0,1,0,0,1,0,76.7292,0,0,0,0,1,0,0,0,0,0,1,0,0,0,1,0,0,0,17572,51,1
1,29.0,2,1,0,1,0,26.0,1,0,0,0,0,0,0,0,0,0,1,0,0,0,1,0,0,0,2926,52,1
0,65.0,1,0,0,0,1,61.9792,0,0,0,0,0,0,1,0,0,0,0,0,0,0,1,0,0,0,113509,53,0
0,29.0,1,1,0,0,0,35.5,0,1,0,0,0,0,0,0,0,0,0,0,0,0,1,0,0,0,19947,54,1
1,21.0,2,1,0,0,0,10.5,1,0,0,0,0,0,0,0,0,1,0,0,0,0,0,0,0,0,31026,55,1
0,28.5,3,0,0,0,0,7.2292,1,0,0,0,0,0,0,0,0,0,0,0,0,0,1,0,0,0,2697,56,0
1,5.0,2,1,0,1,2,27.75,1,0,0,0,0,0,0,0,0,1,0,0,0,0,0,0,0,0,34651,57,1
0,11.0,3,1,0,5,2,46.9,1,0,0,0,0,0,0,0,0,0,0,1,0,0,0,0,0,0,2144,58,0
0,22.0,3,0,0,0,0,7.2292,1,0,0,0,0,0,0,0,0,0,0,0,0,0,1,0,0,1,2669,59,0
1,38.0,1,0,0,0,0,80.0,0,0,0,0,0,0,1,0,0,1,0,0,0,0,0,0,0,0,113572,60,1
0,45.0,1,1,0,1,0,83.475,0,1,0,0,0,0,0,0,0,0,0,0,0,0,1,0,0,0,36973,61,0
0,4.0,3,1,0,3,2,27.9,1,0,0,0,0,0,0,0,0,0,0,1,0,0,0,0,0,0,347088,62,0
0,29.0,1,0,0,0,0,27.7208,1,0,0,0,0,0,0,0,0,0,0,0,0,0,1,0,0,0,17605,63,0
0,29.0,3,0,0,1,1,15.2458,1,0,0,0,0,0,0,0,0,0,0,1,0,0,0,0,0,0,2661,64,1
1,29.0,2,1,0,0,0,10.5,0,0,0,0,0,0,0,1,0,0,1,0,0,0,1,0,0,0,29395,65,1
0,19.0,3,1,0,0,0,8.1583,1,0,0,0,0,0,0,0,0,0,0,0,0,0,1,0,0,0,3464,66,0
1,17.0,3,1,0,4,2,7.925,1,0,0,0,0,0,0,0,0,1,0,0,0,0,0,0,0,0,3101281,67,1
0,26.0,3,1,0,2,0,8.6625,1,0,0,0,0,0,0,0,0,0,0,0,0,0,1,0,0,0,315151,68,0
0,32.0,2,1,0,0,0,10.5,1,0,0,0,0,0,0,0,0,0,0,0,0,0,1,0,0,0,33111,69,0
1,16.0,3,1,0,5,2,46.9,1,0,0,0,0,0,0,0,0,1,0,0,0,0,0,0,0,0,2144,58,0
0,21.0,2,1,0,0,0,73.5,1,0,0,0,0,0,0,0,0,0,0,0,0,0,1,0,0,0,14879,70,0
0,26.0,3,0,0,1,0,14.4542,1,0,0,0,0,0,0,0,0,0,0,0,0,0,1,0,0,0,2680,71,0
0,32.0,3,1,0,0,0,56.4958,1,0,0,0,0,0,0,0,0,0,0,0,0,0,1,0,0,0,1601,72,1
0,25.0,3,1,0,0,0,7.65,0,0,0,1,0,0,0,1,0,0,0,0,0,0,1,0,0,0,348123,73,0
0,29.0,3,1,0,0,0,7.8958,1,0,0,0,0,0,0,0,0,0,0,0,0,0,1,0,0,0,349208,74,0
0,29.0,3,1,0,0,0,8.05,1,0,0,0,0,0,0,0,0,0,0,0,0,0,1,0,0,0,374746,75,0
0,0.83,2,1,0,0,2,29.0,1,0,0,0,0,0,0,0,0,0,0,1,0,0,0,0,0,0,248738,76,1
1,30.0,3,1,0,0,0,12.475,1,0,0,0,0,0,0,0,0,1,0,0,0,0,0,0,0,0,364516,77,1
0,22.0,3,1,0,0,0,9.0,1,0,0,0,0,0,0,0,0,0,0,0,0,0,1,0,0,0,345767,78,0
0,29.0,3,1,0,0,0,9.5,1,0,0,0,0,0,0,0,0,0,0,0,0,0,1,0,0,0,345779,79,1
1,29.0,3,0,1,0,0,7.7875,1,0,0,0,0,0,0,0,0,1,0,0,0,0,0,0,0,0,330932,80,1
0,28.0,1,1,0,0,0,47.1,1,0,0,0,0,0,0,0,0,0,0,0,0,0,1,0,0,0,113059,81,0
1,17.0,2,1,0,0,0,10.5,1,0,0,0,0,0,0,0,0,1,0,0,0,0,0,0,0,0,14885,82,1
1,33.0,3,1,0,3,0,15.85,1,0,0,0,0,0,0,0,0,0,1,0,0,0,1,0,0,0,3101278,83,1
0,16.0,3,1,0,1,3,34.375,1,0,0,0,0,0,0,0,0,0,0,0,0,0,1,0,0,0,6608,84,0
0,29.0,3,1,0,0,0,8.05,1,0,0,0,0,0,0,0,0,0,0,0,0,0,1,0,0,0,392086,85,0
1,23.0,1,1,0,3,2,263.0,0,3,0,0,0,0,0,0,0,1,0,0,0,0,0,0,0,0,19950,26,1
0,24.0,3,1,0,0,0,8.05,1,0,0,0,0,0,0,0,0,0,0,0,0,0,1,0,0,0,343275,86,0
0,29.0,3,1,0,0,0,8.05,1,0,0,0,0,0,0,0,0,0,0,0,0,0,1,0,0,0,343276,87,0
0,20.0,3,1,0,0,0,7.8542,1,0,0,0,0,0,0,0,0,0,0,0,0,0,1,0,0,0,347466,88,0
0,46.0,1,1,0,1,0,61.175,0,0,1,0,0,0,0,0,0,0,0,0,0,0,1,0,0,0,5734,89,0
0,26.0,3,1,0,1,2,20.575,1,0,0,0,0,0,0,0,0,0,0,0,0,0,1,0,0,0,2315,90,0
0,59.0,3,1,0,0,0,7.25,1,0,0,0,0,0,0,0,0,0,0,0,0,0,1,0,0,0,364500,91,0
0,29.0,3,1,0,0,0,8.05,1,0,0,0,0,0,0,0,0,0,0,0,0,0,1,0,0,0,374910,92,0
0,71.0,1,0,0,0,0,34.6542,0,0,0,0,0,1,0,0,0,0,0,0,0,0,1,0,0,0,17754,93,0
0,23.0,1,0,0,0,1,63.3583,0,0,0,0,2,0,0,0,0,0,0,0,0,0,1,0,0,0,17759,94,1
1,34.0,2,1,0,0,1,23.0,1,0,0,0,0,0,0,0,0,0,1,0,0,0,1,0,0,0,231919,95,1
0,34.0,2,1,0,1,0,26.0,1,0,0,0,0,0,0,0,0,0,0,0,0,0,1,0,0,0,244367,96,0
1,28.0,3,1,0,0,0,7.8958,1,0,0,0,0,0,0,0,0,1,0,0,0,0,0,0,0,0,349245,97,0
0,29.0,3,1,0,0,0,7.8958,1,0,0,0,0,0,0,0,0,0,0,0,0,0,1,0,0,0,349215,98,0
0,21.0,1,1,0,0,1,77.2875,0,0,0,0,1,0,0,0,0,0,0,0,0,0,1,0,0,0,35281,99,0
0,33.0,3,1,0,0,0,8.6542,1,0,0,0,0,0,0,0,0,0,0,0,0,0,1,0,0,0,7540,100,0
0,37.0,3,1,0,2,0,7.925,1,0,0,0,0,0,0,0,0,0,0,0,0,0,1,0,0,0,3101276,101,0
0,28.0,3,1,0,0,0,7.8958,1,0,0,0,0,0,0,0,0,0,0,0,0,0,1,0,0,0,349207,102,0
1,21.0,3,1,0,0,0,7.65,1,0,0,0,0,0,0,0,0,1,0,0,0,0,0,0,0,0,343120,103,1
0,29.0,3,1,0,0,0,7.775,1,0,0,0,0,0,0,0,0,0,0,0,0,0,1,0,0,0,312991,104,1
0,38.0,3,1,0,0,0,7.8958,1,0,0,0,0,0,0,0,0,0,0,0,0,0,1,0,0,0,349249,105,0
1,29.0,3,0,1,1,0,24.15,1,0,0,0,0,0,0,0,0,1,0,0,0,0,0,0,0,0,371110,106,1
0,47.0,1,1,0,0,0,52.0,0,1,0,0,0,0,0,0,0,0,0,0,0,0,1,0,0,0,110465,107,0
1,14.5,3,0,0,1,0,14.4542,1,0,0,0,0,0,0,0,0,1,0,0,0,0,0,0,0,0,2665,108,0
0,22.0,3,1,0,0,0,8.05,1,0,0,0,0,0,0,0,0,0,0,0,0,0,1,0,0,0,324669,109,0
1,20.0,3,1,0,1,0,9.825,1,0,0,0,0,0,0,0,0,1,0,0,0,0,0,0,0,0,4136,110,0
1,17.0,3,0,0,0,0,14.4583,1,0,0,0,0,0,0,0,0,1,0,0,0,0,0,0,0,0,2627,111,0
0,21.0,3,1,0,0,0,7.925,1,0,0,0,0,0,0,0,0,0,0,0,0,0,1,0,0,0,0,112,0
0,70.5,3,0,1,0,0,7.75,1,0,0,0,0,0,0,0,0,0,0,0,0,0,1,0,0,0,370369,113,0
0,29.0,2,1,0,1,0,21.0,1,0,0,0,0,0,0,0,0,0,0,0,0,0,1,0,0,0,11668,40,0
0,24.0,1,0,0,0,1,247.5208,0,0,0,0,0,0,2,0,0,0,0,0,0,0,1,0,0,0,17558,114,0
1,2.0,3,1,0,4,2,31.275,1,0,0,0,0,0,0,0,0,1,0,0,0,0,0,0,0,0,347082,13,0
0,21.0,2,1,0,2,0,73.5,1,0,0,0,0,0,0,0,0,0,0,0,0,0,1,0,0,0,14879,70,0
0,29.0,3,1,0,0,0,8.05,1,0,0,0,0,0,0,0,0,0,0,0,0,0,1,0,0,0,54510,115,0
0,32.5,2,0,0,1,0,30.0708,1,0,0,0,0,0,0,0,0,0,0,0,0,0,1,0,0,0,237736,9,0
1,32.5,2,1,0,0,0,13.0,0,0,1,0,0,0,0,0,0,1,0,0,0,0,0,0,0,0,27267,116,1
0,54.0,1,1,0,0,1,77.2875,0,0,0,0,1,0,0,0,0,0,0,0,0,0,1,0,0,0,35281,99,0
0,12.0,3,0,0,1,0,11.2417,1,0,0,0,0,0,0,0,0,0,0,1,0,0,0,0,0,0,2651,38,1
0,29.0,3,0,1,0,0,7.75,1,0,0,0,0,0,0,0,0,0,0,0,0,0,1,0,0,0,370372,117,0
0,24.0,3,1,0,0,0,7.1417,1,0,0,0,0,0,0,0,0,0,0,0,0,0,1,0,0,0,17369,118,1
1,29.0,3,0,0,1,1,22.3583,0,0,1,0,0,0,0,1,0,1,0,0,0,0,0,0,0,0,2668,119,1
0,45.0,3,1,0,0,0,6.975,1,0,0,0,0,0,0,0,0,0,0,0,0,0,1,0,0,0,347061,120,0
0,33.0,3,0,0,0,0,7.8958,1,0,0,0,0,0,0,0,0,0,0,0,0,0,1,1,0,0,349241,121,0
0,20.0,3,1,0,0,0,7.05,1,0,0,0,0,0,0,0,0,0,0,0,0,0,1,0,0,0,3101307,122,0
1,47.0,3,1,0,1,0,14.5,1,0,0,0,0,0,0,0,0,0,1,0,0,0,1,0,0,0,3337,123,0
1,29.0,2,1,0,1,0,26.0,1,0,0,0,0,0,0,0,0,0,1,0,0,0,1,0,0,0,228414,124,1
0,25.0,2,1,0,0,0,13.0,1,0,0,0,0,0,0,0,0,0,0,0,0,0,1,0,0,0,29178,125,0
0,23.0,2,0,0,0,0,15.0458,1,0,0,0,0,0,0,0,0,0,0,0,0,0,1,0,0,0,2133,126,0
1,19.0,1,1,0,0,2,26.2833,0,0,0,0,1,0,0,0,0,1,0,0,0,0,0,0,0,0,11752,127,1
0,37.0,1,1,0,1,0,53.1,0,1,0,0,0,0,0,0,0,0,0,0,0,0,1,0,0,0,113803,3,0
0,16.0,3,1,0,0,0,9.2167,1,0,0,0,0,0,0,0,0,0,0,0,0,0,1,0,0,0,7534,128,0
0,24.0,1,0,0,0,0,79.2,0,0,0,0,0,0,1,0,0,0,0,0,0,0,1,0,0,0,17593,129,0
1,29.0,3,0,0,0,2,15.2458,1,0,0,0,0,0,0,0,0,0,1,0,0,0,1,0,0,0,2678,130,0
1,22.0,3,1,0,0,0,7.75,1,0,0,0,0,0,0,0,0,1,0,0,0,0,0,0,0,0,347081,131,1
1,24.0,3,1,0,1,0,15.85,1,0,0,0,0,0,0,0,0,0,1,0,0,0,1,0,0,0,3101279,132,1
0,19.0,3,0,1,0,0,6.75,1,0,0,0,0,0,0,0,0,0,0,0,0,0,1,0,0,0,365222,133,0
0,18.0,2,1,0,0,0,11.5,1,0,0,0,0,0,0,0,0,0,0,0,0,0,1,0,0,0,231945,134,0
0,19.0,2,1,0,1,1,36.75,1,0,0,0,0,0,0,0,0,0,0,0,0,0,1,0,0,0,33112,135,0
0,27.0,3,1,0,0,0,7.7958,1,0,0,0,0,0,0,0,0,0,0,0,0,0,1,0,0,0,350043,136,1
1,9.0,3,1,0,2,2,34.375,1,0,0,0,0,0,0,0,0,1,0,0,0,0,0,0,0,0,6608,84,0
0,36.5,2,1,0,0,2,26.0,0,0,0,0,0,0,0,1,0,0,0,0,0,0,1,0,0,0,230080,137,0
0,42.0,2,1,0,0,0,13.0,1,0,0,0,0,0,0,0,0,0,0,0,0,0,0,0,0,0,244310,138,0
0,51.0,2,1,0,0,0,12.525,1,0,0,0,0,0,0,0,0,0,0,0,0,0,0,0,0,0,1166,139,0
1,22.0,1,1,0,1,0,66.6,0,1,0,0,0,0,0,0,0,0,1,0,0,0,1,0,0,0,113776,140,1
0,55.5,3,1,0,0,0,8.05,1,0,0,0,0,0,0,0,0,0,0,0,0,0,1,0,0,0,11206,141,0
0,40.5,3,1,0,0,2,14.5,1,0,0,0,0,0,0,0,0,0,0,0,0,0,1,0,0,0,851,142,0
0,29.0,3,1,0,0,0,7.3125,1,0,0,0,0,0,0,0,0,0,0,0,0,0,1,0,0,0,265302,143,0
0,51.0,1,0,0,0,1,61.3792,1,0,0,0,0,0,0,0,0,0,0,0,0,0,1,0,0,0,17597,144,0
1,16.0,3,0,1,0,0,7.7333,1,0,0,0,0,0,0,0,0,1,0,0,0,0,0,0,0,0,35851,145,1
0,30.0,3,1,0,0,0,8.05,1,0,0,0,0,0,0,0,0,0,0,0,0,0,1,0,0,0,392090,146,0
0,29.0,3,1,0,0,0,8.6625,1,0,0,0,0,0,0,0,0,0,0,0,0,0,1,0,0,0,315037,147,0
0,29.0,3,1,0,8,2,69.55,1,0,0,0,0,0,0,0,0,0,0,1,0,0,0,0,0,0,2343,148,0
0,44.0,3,1,0,0,1,16.1,1,0,0,0,0,0,0,0,0,0,0,0,0,0,1,0,0,0,371362,149,0
1,40.0,2,1,0,0,0,15.75,1,0,0,0,0,0,0,0,0,0,1,0,0,0,1,0,0,0,33595,150,1
0,26.0,3,1,0,0,0,7.775,1,0,0,0,0,0,0,0,0,0,0,0,0,0,1,0,0,0,347068,151,0
0,17.0,3,1,0,0,0,8.6625,1,0,0,0,0,0,0,0,0,0,0,0,0,0,1,0,0,0,315093,152,0
0,1.0,3,1,0,4,1,39.6875,1,0,0,0,0,0,0,0,0,0,0,1,0,0,0,0,0,0,3101295,49,0
0,9.0,3,1,0,0,2,20.525,1,0,0,0,0,0,0,0,0,0,0,1,0,0,0,0,0,0,363291,153,1
1,29.0,1,1,0,0,1,55.0,0,0,1,0,0,0,0,0,0,0,1,0,0,0,1,0,0,0,113505,154,1
1,45.0,3,1,0,1,4,27.9,1,0,0,0,0,0,0,0,0,0,1,0,0,0,1,0,0,0,347088,62,0
0,29.0,1,1,0,0,0,25.925,1,0,0,0,0,0,0,0,0,0,0,0,0,0,1,0,0,0,17318,155,0
0,28.0,3,1,0,0,0,56.4958,1,0,0,0,0,0,0,0,0,0,0,0,0,0,1,0,0,0,1601,72,0
0,61.0,1,1,0,0,0,33.5,0,0,0,0,0,0,1,0,0,0,0,0,0,0,1,0,0,0,111240,156,0
0,4.0,3,0,1,4,1,29.125,1,0,0,0,0,0,0,0,0,0,0,1,0,0,0,0,0,0,382652,16,0
1,1.0,3,1,0,1,1,11.1333,1,0,0,0,0,0,0,0,0,1,0,0,0,0,0,0,0,0,347742,8,1
0,21.0,3,1,0,0,0,7.925,1,0,0,0,0,0,0,0,0,0,0,0,0,0,1,0,0,0,0,157,0
0,56.0,1,0,0,0,0,30.6958,0,0,0,0,0,1,0,0,0,0,0,0,0,0,1,0,0,0,17764,158,0
0,18.0,3,1,0,1,1,7.8542,1,0,0,0,0,0,0,0,0,0,0,0,0,0,1,0,0,0,350404,159,0
0,29.0,3,1,0,3,1,25.4667,1,0,0,0,0,0,0,0,0,0,0,1,0,0,0,0,0,0,4133,160,0
1,50.0,1,0,0,0,0,28.7125,0,1,0,0,0,0,0,0,0,1,0,0,0,0,0,0,0,0,17595,161,0
0,30.0,2,1,0,0,0,13.0,1,0,0,0,0,0,0,0,0,0,0,0,0,0,1,0,0,0,250653,162,0
0,36.0,3,1,0,0,0,0.0,1,0,0,0,0,0,0,0,0,0,0,0,0,0,1,0,0,0,0,163,0
1,29.0,3,1,0,8,2,69.55,1,0,0,0,0,0,0,0,0,1,0,0,0,0,0,0,0,0,2343,148,0
0,29.0,2,0,0,0,0,15.05,1,0,0,0,0,0,0,0,0,0,0,0,0,0,1,0,0,0,2131,164,0
0,9.0,3,1,0,4,2,31.3875,1,0,0,0,0,0,0,0,0,0,0,1,0,0,0,0,0,0,347077,24,0
0,1.0,2,1,0,2,1,39.0,0,0,0,0,0,0,0,1,0,0,0,1,0,0,0,0,0,0,230136,165,1
1,4.0,3,1,0,0,2,22.025,1,0,0,0,0,0,0,0,0,1,0,0,0,0,0,0,0,0,315153,166,1
0,29.0,1,1,0,0,0,50.0,0,0,0,0,0,1,0,0,0,0,0,0,0,0,1,0,0,0,113767,167,0
1,29.0,3,0,1,1,0,15.5,1,0,0,0,0,0,0,0,0,0,1,0,0,0,1,0,0,0,370365,168,1
0,45.0,1,1,0,0,0,26.55,1,0,0,0,0,0,0,0,0,0,0,0,0,0,1,0,0,0,111428,169,1
0,40.0,3,0,1,1,1,15.5,1,0,0,0,0,0,0,0,0,0,0,0,0,0,1,0,0,0,364849,170,0
0,36.0,3,1,0,0,0,7.8958,1,0,0,0,0,0,0,0,0,0,0,0,0,0,1,0,0,0,349247,171,0
1,32.0,2,1,0,0,0,13.0,1,0,0,0,0,0,0,0,0,0,1,0,0,0,1,0,0,0,234604,172,1
0,19.0,2,1,0,0,0,13.0,1,0,0,0,0,0,0,0,0,0,0,0,0,0,1,0,0,0,28424,173,0
1,19.0,3,1,0,1,0,7.8542,1,0,0,0,0,0,0,0,0,1,0,0,0,0,0,0,0,0,350046,174,1
0,3.0,2,1,0,1,1,26.0,0,0,0,0,0,0,0,1,0,0,0,1,0,0,0,0,0,0,230080,137,1
1,44.0,1,0,0,0,0,27.7208,0,0,0,0,0,0,1,0,0,0,1,0,0,0,1,0,0,0,17610,175,1
1,58.0,1,0,0,0,0,146.5208,0,0,0,0,0,0,1,0,0,1,0,0,0,0,0,0,0,0,17569,30,1
0,29.0,3,0,1,0,0,7.75,1,0,0,0,0,0,0,0,0,0,0,0,0,0,1,0,0,0,368703,176,0
0,42.0,3,1,0,0,1,8.4042,1,0,0,0,0,0,0,0,0,0,0,0,0,0,1,0,0,0,4579,177,0
1,29.0,3,0,1,0,0,7.75,1,0,0,0,0,0,0,0,0,1,0,0,0,0,0,0,0,0,370370,178,1
1,24.0,2,1,0,0,0,13.0,1,0,0,0,0,0,0,0,0,1,1,0,0,0,1,0,0,0,248747,179,0
0,28.0,3,1,0,0,0,9.5,1,0,0,0,0,0,0,0,0,0,0,0,0,0,1,0,0,0,345770,180,0
0,29.0,3,1,0,8,2,69.55,1,0,0,0,0,0,0,0,0,0,0,0,0,0,1,0,0,0,2343,148,0
0,34.0,3,1,0,0,0,6.4958,1,0,0,0,0,0,0,0,0,0,0,0,0,0,1,0,0,0,3101264,181,0
0,45.5,3,0,0,0,0,7.225,1,0,0,0,0,0,0,0,0,0,0,0,0,0,1,0,0,0,2628,182,0
0,18.0,3,1,0,0,0,8.05,1,0,0,0,0,0,0,0,0,0,0,0,0,0,1,0,0,0,3540,183,1
1,2.0,3,1,0,0,1,10.4625,0,0,0,1,0,0,0,0,0,1,0,0,0,0,0,0,0,0,347054,184,0
0,32.0,3,1,0,1,0,15.85,1,0,0,0,0,0,0,0,0,0,0,0,0,0,1,0,0,0,3101278,83,0
0,26.0,3,0,0,0,0,18.7875,1,0,0,0,0,0,0,0,0,0,0,0,0,0,1,0,0,0,2699,185,1
1,16.0,3,0,1,0,0,7.75,1,0,0,0,0,0,0,0,0,1,0,0,0,0,0,0,0,0,367231,186,1
0,40.0,1,0,0,0,0,31.0,0,0,0,0,0,1,0,0,0,0,0,0,0,0,1,0,0,0,112277,187,1
0,24.0,3,1,0,0,0,7.05,1,0,0,0,0,0,0,0,0,0,0,0,0,0,1,0,0,0,3101311,188,0
1,35.0,2,1,0,0,0,21.0,1,0,0,0,0,0,0,0,0,1,0,0,0,0,0,0,0,0,13528,189,1
0,22.0,3,1,0,0,0,7.25,1,0,0,0,0,0,0,0,0,0,0,0,0,0,1,0,0,0,21174,190,0
0,30.0,2,1,0,0,0,13.0,1,0,0,0,0,0,0,0,0,0,0,0,0,0,1,0,0,0,250646,191,0
0,29.0,3,0,1,1,0,7.75,1,0,0,0,0,0,0,0,0,0,0,0,0,0,1,0,0,0,367229,192,0
1,31.0,1,0,0,1,0,113.275,0,0,0,0,1,0,0,0,0,1,0,0,0,0,0,0,0,0,35273,193,1
1,27.0,3,1,0,0,0,7.925,1,0,0,0,0,0,0,0,0,1,0,0,0,0,0,0,0,0,3101283,194,1
0,42.0,2,1,0,1,0,27.0,1,0,0,0,0,0,0,0,0,0,0,0,0,0,1,0,0,0,243847,195,0
1,32.0,1,0,0,0,0,76.2917,0,0,0,0,1,0,0,0,0,1,0,0,0,0,0,0,0,0,11813,196,1
0,30.0,2,1,0,0,0,10.5,1,0,0,0,0,0,0,0,0,0,0,0,0,0,1,0,0,0,14208,197,0
0,16.0,3,1,0,0,0,8.05,1,0,0,0,0,0,0,0,0,0,0,0,0,0,1,0,0,0,392089,198,1
0,27.0,2,1,0,0,0,13.0,1,0,0,0,0,0,0,0,0,0,0,0,0,0,1,0,0,0,220367,199,0
0,51.0,3,1,0,0,0,8.05,1,0,0,0,0,0,0,0,0,0,0,0,0,0,1,0,0,0,21440,200,0
0,29.0,3,1,0,0,0,7.8958,1,0,0,0,0,0,0,0,0,0,0,0,0,0,1,0,0,0,349234,201,0
0,38.0,1,1,0,1,0,90.0,0,1,0,0,0,0,0,0,0,0,0,0,0,0,1,0,0,0,19943,202,1
0,22.0,3,1,0,0,0,9.35,1,0,0,0,0,0,0,0,0,0,0,0,0,0,1,0,0,0,4348,203,0
0,19.0,2,1,0,0,0,10.5,1,0,0,0,0,0,0,0,0,0,0,0,0,0,1,0,0,0,751,204,1
0,20.5,3,1,0,0,0,7.25,1,0,0,0,0,0,0,0,0,0,0,0,0,0,1,0,0,0,21173,205,0
0,18.0,2,1,0,0,0,13.0,1,0,0,0,0,0,0,0,0,0,0,0,0,0,1,0,0,0,236171,206,0
1,29.0,3,1,0,3,1,25.4667,1,0,0,0,0,0,0,0,0,1,0,0,0,0,0,0,0,0,4133,160,0
1,35.0,1,1,0,1,0,83.475,0,1,0,0,0,0,0,0,0,0,1,0,0,0,1,0,0,0,36973,61,1
0,29.0,3,1,0,0,0,7.775,1,0,0,0,0,0,0,0,0,0,0,0,0,0,1,0,0,0,347067,207,0
0,59.0,2,1,0,0,0,13.5,1,0,0,0,0,0,0,0,0,0,0,0,0,0,1,0,0,0,237442,208,0
1,5.0,3,1,0,4,2,31.3875,1,0,0,0,0,0,0,0,0,1,0,0,0,0,0,0,0,0,347077,24,1
0,24.0,2,1,0,0,0,10.5,1,0,0,0,0,0,0,0,0,0,0,0,0,0,1,0,0,0,29566,209,0
1,29.0,3,1,0,0,0,7.55,1,0,0,0,0,0,0,0,0,1,0,0,0,0,0,0,0,0,6609,210,0
0,44.0,2,1,0,1,0,26.0,1,0,0,0,0,0,0,0,0,0,0,0,0,0,1,0,0,0,26707,211,0
1,8.0,2,1,0,0,2,26.25,1,0,0,0,0,0,0,0,0,1,0,0,1,0,0,0,0,0,31921,212,1
0,19.0,2,1,0,0,0,10.5,1,0,0,0,0,0,0,0,0,0,0,0,0,0,1,0,0,0,28665,213,0
0,33.0,2,1,0,0,0,12.275,1,0,0,0,0,0,0,0,0,0,0,0,0,0,1,0,0,0,1585,214,0
1,29.0,3,0,0,1,0,14.4542,1,0,0,0,0,0,0,0,0,1,0,0,0,0,0,0,0,0,2665,108,0
1,29.0,3,0,1,1,0,15.5,1,0,0,0,0,0,0,0,0,1,0,0,0,0,0,0,0,0,367230,215,1
0,29.0,2,1,0,0,0,10.5,1,0,0,0,0,0,0,0,0,0,0,0,1,0,1,0,0,0,14263,216,0
0,22.0,3,1,0,0,0,7.125,1,0,0,0,0,0,0,0,0,0,0,0,0,0,1,0,0,0,0,217,0
0,30.0,3,0,0,0,0,7.225,1,0,0,0,0,0,0,0,0,0,0,0,0,0,1,0,0,0,2694,218,0
0,44.0,1,0,1,2,0,90.0,0,1,0,0,0,0,0,0,0,0,0,0,0,0,0,1,0,0,19928,219,0
1,25.0,3,1,0,0,0,7.775,1,0,0,0,0,0,0,0,0,1,0,0,0,0,0,0,0,0,347071,220,0
1,24.0,2,1,0,0,2,14.5,1,0,0,0,0,0,0,0,0,0,1,0,0,0,1,0,0,0,250649,221,1
0,37.0,1,1,0,1,1,52.5542,0,0,0,0,1,0,0,0,0,0,0,0,0,0,1,0,0,0,11751,222,1
0,54.0,2,1,0,1,0,26.0,1,0,0,0,0,0,0,0,0,0,0,0,0,0,0,0,0,0,244252,223,0
0,29.0,3,1,0,0,0,7.25,1,0,0,0,0,0,0,0,0,0,0,0,0,0,1,0,0,0,362316,224,0
1,29.0,3,1,0,1,1,10.4625,0,0,0,1,0,0,0,0,0,0,1,0,0,0,1,0,0,0,347054,184,0
0,62.0,1,1,0,0,0,26.55,0,1,0,0,0,0,0,0,0,0,0,0,0,0,1,0,0,0,113514,225,0
0,30.0,3,1,0,1,0,16.1,1,0,0,0,0,0,0,0,0,0,0,0,0,0,1,0,0,0,3336,226,0
1,41.0,3,1,0,0,2,20.2125,1,0,0,0,0,0,0,0,0,0,1,0,0,0,1,0,0,0,370129,227,0
1,29.0,3,0,0,0,2,15.2458,1,0,0,0,0,0,0,0,0,0,1,0,0,0,1,0,0,0,2650,228,1
1,29.0,1,0,0,0,0,79.2,1,0,0,0,0,0,0,0,0,0,1,0,0,0,1,0,0,0,17585,229,1
1,30.0,1,1,0,0,0,86.5,0,0,0,0,0,0,1,0,0,1,0,0,0,0,0,0,0,0,110152,230,1
1,35.0,1,0,0,0,0,512.3292,1,0,0,0,0,0,0,0,0,1,0,0,0,0,0,0,0,0,17755,231,1
1,50.0,2,1,0,0,1,26.0,1,0,0,0,0,0,0,0,0,0,1,0,0,0,1,0,0,0,230433,232,1
0,29.0,3,0,1,0,0,7.75,1,0,0,0,0,0,0,0,0,0,0,0,0,0,1,0,0,0,384461,233,0
0,3.0,3,1,0,4,2,31.3875,1,0,0,0,0,0,0,0,0,0,0,1,0,0,0,0,0,0,347077,24,1
0,52.0,1,1,0,1,1,79.65,0,0,1,0,0,0,0,0,0,0,0,0,0,0,1,0,0,0,110413,234,0
0,40.0,1,1,0,0,0,0.0,0,0,0,0,0,0,1,0,0,0,0,0,0,0,1,0,0,0,112059,235,0
1,29.0,3,0,1,0,0,7.75,1,0,0,0,0,0,0,0,0,1,0,0,0,0,0,0,0,0,382649,236,0
0,36.0,2,1,0,0,0,10.5,1,0,0,0,0,0,0,0,0,0,0,0,0,0,1,0,0,0,17248,237,0
0,16.0,3,1,0,4,1,39.6875,1,0,0,0,0,0,0,0,0,0,0,0,0,0,1,0,0,0,3101295,49,0
0,25.0,3,1,0,1,0,7.775,1,0,0,0,0,0,0,0,0,0,0,0,0,0,1,0,0,0,347083,238,1
1,58.0,1,1,0,0,1,153.4625,0,1,0,0,0,0,0,0,0,0,1,0,0,0,1,0,0,0,17582,239,1
1,35.0,1,1,0,0,0,135.6333,0,1,0,0,0,0,0,0,0,1,0,0,0,0,0,0,0,0,17760,240,1
0,29.0,1,1,0,0,0,31.0,1,0,0,0,0,0,0,0,0,0,0,0,0,0,1,0,0,0,113798,241,0
0,25.0,3,1,0,0,0,0.0,1,0,0,0,0,0,0,0,0,0,0,0,0,0,1,0,0,0,0,163,1
1,41.0,2,1,0,0,1,19.5,1,0,0,0,0,0,0,0,0,0,1,0,0,0,1,0,0,0,250644,242,1
0,37.0,1,0,0,0,1,29.7,0,1,0,0,0,0,0,0,0,0,0,0,0,0,1,0,0,0,17596,243,0
1,29.0,3,0,1,0,0,7.75,1,0,0,0,0,0,0,0,0,1,0,0,0,0,0,0,0,0,370375,244,1
1,63.0,1,1,0,1,0,77.9583,0,0,0,0,1,0,0,0,0,1,0,0,0,0,0,0,0,0,13502,245,1
1,45.0,3,1,0,0,0,7.75,1,0,0,0,0,0,0,0,0,1,0,0,0,0,0,0,0,0,347073,246,0
0,29.0,2,1,0,0,0,0.0,1,0,0,0,0,0,0,0,0,0,0,0,0,0,1,0,0,0,239853,247,0
0,7.0,3,0,1,4,1,29.125,1,0,0,0,0,0,0,0,0,0,0,1,0,0,0,0,0,0,382652,16,0
1,35.0,3,1,0,1,1,20.25,1,0,0,0,0,0,0,0,0,0,1,0,0,0,1,0,0,0,2673,248,1
0,65.0,3,0,1,0,0,7.75,1,0,0,0,0,0,0,0,0,0,0,0,0,0,1,0,0,0,336439,249,0
0,28.0,3,1,0,0,0,7.8542,1,0,0,0,0,0,0,0,0,0,0,0,0,0,1,0,0,0,347464,250,0
0,16.0,3,1,0,0,0,9.5,1,0,0,0,0,0,0,0,0,0,0,0,0,0,1,0,0,0,345778,251,0
0,19.0,3,1,0,0,0,8.05,1,0,0,0,0,0,0,0,0,0,0,0,0,0,1,0,0,0,10482,252,1
0,29.0,1,1,0,0,0,26.0,0,0,0,0,0,1,0,0,0,0,0,0,0,0,1,0,0,0,113056,253,0
0,33.0,3,0,0,0,0,8.6625,1,0,0,0,0,0,0,0,0,0,0,0,0,0,1,0,0,0,349239,254,0
0,30.0,3,1,0,0,0,9.5,1,0,0,0,0,0,0,0,0,0,0,0,0,0,1,0,0,0,345774,255,1
0,22.0,3,1,0,0,0,7.8958,1,0,0,0,0,0,0,0,0,0,0,0,0,0,1,0,0,0,349206,256,0
0,42.0,2,1,0,0,0,13.0,1,0,0,0,0,0,0,0,0,0,0,0,0,0,1,0,0,0,237798,257,1
1,22.0,3,0,1,0,0,7.75,1,0,0,0,0,0,0,0,0,1,0,0,0,0,0,0,0,0,370373,258,1
1,26.0,1,1,0,0,0,78.85,1,0,0,0,0,0,0,0,0,1,0,0,0,0,0,0,0,0,19877,259,1
1,19.0,1,0,0,1,0,91.0792,0,0,0,0,0,0,1,0,0,0,1,0,0,0,1,0,0,0,11967,260,1
0,36.0,2,0,0,0,0,12.875,0,0,0,0,1,0,0,0,0,0,0,0,0,0,1,0,0,0,2163,261,0
1,24.0,3,1,0,0,0,8.85,1,0,0,0,0,0,0,0,0,1,0,0,0,0,0,0,0,0,349236,262,0
0,24.0,3,1,0,0,0,7.8958,1,0,0,0,0,0,0,0,0,0,0,0,0,0,1,0,0,0,349233,263,0
0,29.0,1,0,0,0,0,27.7208,1,0,0,0,0,0,0,0,0,0,0,0,0,0,1,0,0,0,17612,264,0
0,23.5,3,0,0,0,0,7.2292,1,0,0,0,0,0,0,0,0,0,0,0,0,0,1,0,0,0,2693,265,0
1,2.0,1,1,0,1,2,151.55,0,2,0,0,0,0,0,0,0,1,0,0,0,0,0,0,0,0,113781,266,0
0,29.0,1,1,0,0,0,30.5,0,1,0,0,0,0,0,0,0,0,0,0,0,0,1,0,0,0,19988,267,1
1,50.0,1,0,0,0,1,247.5208,0,0,0,0,0,0,2,0,0,0,1,0,0,0,1,0,0,0,17558,114,1
1,29.0,3,0,1,0,0,7.75,1,0,0,0,0,0,0,0,0,1,0,0,0,0,0,0,0,0,9234,268,1
0,29.0,3,0,1,2,0,23.25,1,0,0,0,0,0,0,0,0,0,0,0,0,0,1,0,0,0,367226,269,1
0,19.0,3,1,0,0,0,0.0,1,0,0,0,0,0,0,0,0,0,0,0,0,0,1,0,0,0,0,163,0
1,29.0,2,0,1,0,0,12.35,0,0,1,0,0,0,0,0,0,1,0,0,0,0,0,0,0,0,226593,270,1
0,29.0,3,1,0,0,0,8.05,1,0,0,0,0,0,0,0,0,0,0,0,0,0,1,0,0,0,2466,271,0
0,0.92,1,1,0,1,2,151.55,0,2,0,0,0,0,0,0,0,0,0,1,0,0,0,0,0,0,113781,266,1
1,29.0,1,0,0,0,0,110.8833,1,0,0,0,0,0,0,0,0,1,0,0,0,0,0,0,0,0,17421,272,1
1,17.0,1,0,0,1,0,108.9,0,1,0,0,0,0,0,0,0,0,1,0,0,0,1,0,0,0,17758,273,1
0,30.0,2,0,0,1,0,24.0,1,0,0,0,0,0,0,0,0,0,0,0,0,0,1,0,0,0,3381,274,0
1,30.0,1,0,0,0,0,56.9292,0,0,1,0,0,0,0,0,0,1,0,0,0,0,0,0,0,0,17485,275,1
1,24.0,1,0,0,0,0,83.1583,0,1,0,0,0,0,0,0,0,1,0,0,0,0,0,0,0,0,11767,276,1
1,18.0,1,0,0,2,2,262.375,0,0,0,0,0,0,4,0,0,1,0,0,0,0,0,0,0,0,17608,277,1
1,26.0,2,1,0,1,1,26.0,1,0,0,0,0,0,0,0,0,0,1,0,0,0,1,0,0,0,250651,278,0
0,28.0,3,1,0,0,0,7.8958,1,0,0,0,0,0,0,0,0,0,0,0,0,0,1,0,0,0,349243,279,0
0,43.0,2,1,0,1,1,26.25,1,0,0,0,0,0,0,0,0,0,0,0,0,0,1,0,0,0,13529,280,0
1,26.0,3,1,0,0,0,7.8542,1,0,0,0,0,0,0,0,0,1,0,0,0,0,0,0,0,0,347470,281,1
1,24.0,2,1,0,1,0,26.0,1,0,0,0,0,0,0,0,0,0,1,0,0,0,1,0,0,0,244367,96,1
0,54.0,2,1,0,0,0,14.0,1,0,0,0,0,0,0,0,0,0,0,0,0,0,0,1,0,0,29011,282,0
1,31.0,1,1,0,0,2,164.8667,0,1,0,0,0,0,0,0,0,1,0,0,0,0,0,0,0,0,36928,283,1
1,40.0,1,0,0,1,1,134.5,0,0,1,0,0,0,0,0,0,0,1,0,0,0,1,0,0,0,16966,284,1
0,22.0,3,1,0,0,0,7.25,1,0,0,0,0,0,0,0,0,0,0,0,0,0,1,0,0,0,21172,285,0
0,27.0,3,1,0,0,0,7.8958,1,0,0,0,0,0,0,0,0,0,0,0,0,0,1,0,0,0,349219,286,0
1,30.0,2,0,1,0,0,12.35,1,0,0,0,0,0,0,0,0,1,0,0,0,0,0,0,0,0,234818,287,1
1,22.0,2,1,0,1,1,29.0,1,0,0,0,0,0,0,0,0,0,1,0,0,0,1,0,0,0,248738,76,1
0,29.0,3,1,0,8,2,69.55,1,0,0,0,0,0,0,0,0,0,0,0,0,0,1,0,0,0,2343,148,0
1,36.0,1,0,0,0,0,135.6333,0,1,0,0,0,0,0,0,0,1,0,0,0,0,0,0,0,0,17760,240,1
0,61.0,3,1,0,0,0,6.2375,1,0,0,0,0,0,0,0,0,0,0,0,0,0,1,0,0,0,345364,288,0
1,36.0,2,1,0,0,0,13.0,0,0,0,0,1,0,0,0,0,0,1,0,0,0,1,0,0,0,28551,289,1
1,31.0,3,1,0,1,1,20.525,1,0,0,0,0,0,0,0,0,0,1,0,0,0,1,0,0,0,363291,153,1
1,16.0,1,0,0,0,1,57.9792,0,0,0,0,0,0,1,0,0,1,0,0,0,0,0,0,0,0,111361,290,1
1,29.0,3,0,1,2,0,23.25,1,0,0,0,0,0,0,0,0,1,0,0,0,0,0,0,0,0,367226,269,1
0,45.5,1,1,0,0,0,28.5,0,1,0,0,0,0,0,0,0,0,0,0,0,0,1,0,0,0,113043,291,0
0,38.0,1,1,0,0,1,153.4625,0,1,0,0,0,0,0,0,0,0,0,0,0,0,1,0,0,0,17582,239,0
0,16.0,3,1,0,2,0,18.0,1,0,0,0,0,0,0,0,0,0,0,0,0,0,1,0,0,0,345764,37,0
1,29.0,1,1,0,1,0,133.65,1,0,0,0,0,0,0,0,0,0,1,0,0,0,1,0,0,0,17611,292,1
0,29.0,3,1,0,0,0,7.8958,1,0,0,0,0,0,0,0,0,0,0,0,0,0,1,0,0,0,349225,293,0
0,29.0,1,1,0,1,0,66.6,0,1,0,0,0,0,0,0,0,0,0,0,0,0,1,0,0,0,113776,140,0
1,41.0,1,0,0,0,0,134.5,0,0,1,0,0,0,0,0,0,1,0,0,0,0,0,0,0,0,16966,284,1
0,45.0,3,1,0,0,0,8.05,1,0,0,0,0,0,0,0,0,0,0,0,0,0,1,0,0,0,7598,294,1
0,45.0,1,1,0,0,0,35.5,0,0,0,0,0,0,0,0,1,0,0,0,0,0,1,0,0,0,113784,295,0
0,2.0,2,1,0,1,1,26.0,0,0,0,0,0,0,0,1,0,0,0,1,0,0,0,0,0,0,230080,137,1
1,24.0,1,1,0,3,2,263.0,0,3,0,0,0,0,0,0,0,1,0,0,0,0,0,0,0,0,19950,26,1
0,28.0,2,1,0,0,0,13.0,1,0,0,0,0,0,0,0,0,0,0,0,1,0,1,0,0,0,248740,296,0
0,25.0,2,1,0,0,0,13.0,1,0,0,0,0,0,0,0,0,0,0,0,0,0,1,0,0,0,244361,297,0
0,36.0,2,1,0,0,0,13.0,1,0,0,0,0,0,0,0,0,0,0,0,0,0,1,0,0,0,229236,298,0
1,24.0,2,1,0,0,0,13.0,0,0,0,0,0,0,0,1,0,1,0,0,0,0,0,0,0,0,248733,299,1
1,40.0,2,1,0,0,0,13.0,1,0,0,0,0,0,0,0,0,1,0,0,0,0,0,0,0,0,31418,300,1
1,29.0,3,1,0,1,0,16.1,1,0,0,0,0,0,0,0,0,0,1,0,0,0,1,0,0,0,386525,301,1
0,3.0,3,1,0,1,1,15.9,1,0,0,0,0,0,0,0,0,0,0,1,0,0,0,0,0,0,37671,302,1
0,42.0,3,1,0,0,0,8.6625,1,0,0,0,0,0,0,0,0,0,0,0,0,0,1,0,0,0,315088,303,0
0,23.0,3,1,0,0,0,9.225,1,0,0,0,0,0,0,0,0,0,0,0,0,0,1,0,0,0,7267,304,0
0,29.0,1,1,0,0,0,35.0,0,1,0,0,0,0,0,0,0,0,0,0,0,0,1,0,0,0,113510,305,0
0,15.0,3,0,0,1,1,7.2292,1,0,0,0,0,0,0,0,0,0,0,0,0,0,1,0,0,0,2695,306,0
0,25.0,3,1,0,1,0,17.8,1,0,0,0,0,0,0,0,0,0,0,0,0,0,1,0,0,0,349237,48,0
0,29.0,3,0,0,0,0,7.225,1,0,0,0,0,0,0,0,0,0,0,0,0,0,1,0,0,0,2647,307,0
0,28.0,3,1,0,0,0,9.5,1,0,0,0,0,0,0,0,0,0,0,0,0,0,1,0,0,0,345783,308,0
1,22.0,1,1,0,0,1,55.0,0,0,1,0,0,0,0,0,0,1,0,0,0,0,0,0,0,0,113505,154,1
1,38.0,2,1,0,0,0,13.0,1,0,0,0,0,0,0,0,0,1,0,0,0,0,0,0,0,0,237671,309,0
1,29.0,3,0,1,0,0,7.8792,1,0,0,0,0,0,0,0,0,1,0,0,0,0,0,0,0,0,330931,310,1
1,29.0,3,0,1,0,0,7.8792,1,0,0,0,0,0,0,0,0,1,0,0,0,0,0,0,0,0,330980,311,1
0,40.0,3,1,0,1,4,27.9,1,0,0,0,0,0,0,0,0,0,0,0,0,0,1,0,0,0,347088,62,0
0,29.0,2,0,0,1,0,27.7208,1,0,0,0,0,0,0,0,0,0,0,0,0,0,1,0,0,0,2167,312,0
1,45.0,3,0,0,0,1,14.4542,1,0,0,0,0,0,0,0,0,0,1,0,0,0,1,0,0,0,2691,313,0
0,35.0,3,1,0,0,0,7.05,1,0,0,0,0,0,0,0,0,0,0,0,0,0,1,0,0,0,3101310,314,0
0,29.0,3,0,1,1,0,15.5,1,0,0,0,0,0,0,0,0,0,0,0,0,0,1,0,0,0,370365,168,0
0,30.0,3,1,0,0,0,7.25,1,0,0,0,0,0,0,0,0,0,0,0,0,0,1,0,0,0,7076,315,0
1,60.0,1,0,0,1,0,75.25,0,0,0,0,1,0,0,0,0,0,1,0,0,0,1,0,0,0,110813,316,1
1,29.0,3,0,0,0,0,7.2292,1,0,0,0,0,0,0,0,0,0,1,0,0,0,1,0,0,0,2626,317,1
1,29.0,3,0,1,0,0,7.75,1,0,0,0,0,0,0,0,0,1,0,0,0,0,0,0,0,0,14313,318,1
1,24.0,1,0,0,0,0,69.3,0,0,0,0,0,0,1,0,0,0,0,0,0,0,0,0,0,0,17477,319,1
0,25.0,1,0,0,1,0,55.4417,0,0,1,0,0,0,0,0,0,0,0,0,0,0,1,0,0,0,11765,320,1
0,18.0,3,1,0,1,0,6.4958,1,0,0,0,0,0,0,0,0,0,0,0,0,0,1,0,0,0,3101267,321,0
0,19.0,3,1,0,0,0,8.05,1,0,0,0,0,0,0,0,0,0,0,0,0,0,1,0,0,0,323951,322,0
0,22.0,1,0,0,0,0,135.6333,1,0,0,0,0,0,0,0,0,0,0,0,0,0,1,0,0,0,17760,240,0
1,3.0,3,1,0,3,1,21.075,1,0,0,0,0,0,0,0,0,1,0,0,0,0,0,0,0,0,349909,7,0
1,29.0,1,0,0,1,0,82.1708,1,0,0,0,0,0,0,0,0,0,1,0,0,0,1,0,0,0,17604,33,1
1,22.0,3,1,0,0,0,7.25,1,0,0,0,0,0,0,0,0,1,0,0,0,0,0,0,0,0,7077,323,1
0,27.0,1,0,0,0,2,211.5,0,1,0,0,0,0,0,0,0,0,0,0,0,0,1,0,0,0,113503,324,0
0,20.0,3,0,0,0,0,4.0125,1,0,0,0,0,0,0,0,0,0,0,0,0,0,1,0,0,0,2648,325,0
0,19.0,3,1,0,0,0,7.775,1,0,0,0,0,0,0,0,0,0,0,0,0,0,1,0,0,0,347069,326,0
1,42.0,1,0,0,0,0,227.525,1,0,0,0,0,0,0,0,0,1,0,0,0,0,0,0,0,0,17757,327,1
1,1.0,3,0,0,0,2,15.7417,1,0,0,0,0,0,0,0,0,1,0,0,0,0,0,0,0,0,2653,328,1
0,32.0,3,1,0,0,0,7.925,1,0,0,0,0,0,0,0,0,0,0,0,0,0,1,0,0,0,0,329,0
1,35.0,1,1,0,1,0,52.0,1,0,0,0,0,0,0,0,0,0,1,0,0,0,1,0,0,0,113789,34,1
0,29.0,3,1,0,0,0,7.8958,1,0,0,0,0,0,0,0,0,0,0,0,0,0,1,0,0,0,349227,330,0
0,18.0,2,1,0,0,0,73.5,1,0,0,0,0,0,0,0,0,0,0,0,0,0,1,0,0,0,14879,70,0
0,1.0,3,1,0,5,2,46.9,1,0,0,0,0,0,0,0,0,0,0,1,0,0,0,0,0,0,2144,58,0
1,36.0,2,1,0,0,0,13.0,1,0,0,0,0,0,0,0,0,1,0,0,0,0,0,0,0,0,27849,331,1
0,29.0,3,0,1,0,0,7.7292,1,0,0,0,0,0,0,0,0,0,0,0,0,0,1,0,0,0,367655,332,0
1,17.0,2,0,0,0,0,12.0,1,0,0,0,0,0,0,0,0,1,0,0,0,0,0,0,0,0,1748,333,1
0,36.0,1,1,0,1,2,120.0,0,0,0,0,0,0,2,0,0,0,0,0,0,0,1,0,0,0,113760,334,1
0,21.0,3,1,0,0,0,7.7958,1,0,0,0,0,0,0,0,0,0,0,0,0,0,1,0,0,0,350034,335,1
0,28.0,3,1,0,2,0,7.925,1,0,0,0,0,0,0,0,0,0,0,0,0,0,1,0,0,0,3101277,336,0
1,23.0,1,0,0,1,0,113.275,0,0,0,0,1,0,0,0,0,1,0,0,0,0,0,0,0,0,35273,193,1
1,24.0,3,1,0,0,2,16.7,0,0,0,1,0,0,0,0,0,0,1,0,0,0,1,0,0,0,9549,10,1
0,22.0,3,1,0,0,0,7.7958,1,0,0,0,0,0,0,0,0,0,0,0,0,0,1,0,0,0,350052,337,0
1,31.0,3,1,0,0,0,7.8542,1,0,0,0,0,0,0,0,0,1,0,0,0,0,0,0,0,0,350407,338,0
0,46.0,2,1,0,0,0,26.0,1,0,0,0,0,0,0,0,0,0,0,0,0,0,1,0,0,0,28403,339,0
0,23.0,2,1,0,0,0,10.5,1,0,0,0,0,0,0,0,0,0,0,0,0,0,0,1,0,0,244278,340,0
1,28.0,2,1,0,0,0,12.65,1,0,0,0,0,0,0,0,0,0,1,0,0,0,1,0,0,0,240929,341,1
0,39.0,3,1,0,0,0,7.925,1,0,0,0,0,0,0,0,0,0,0,0,0,0,1,0,0,0,0,342,1
0,26.0,3,1,0,0,0,8.05,1,0,0,0,0,0,0,0,0,0,0,0,0,0,1,0,0,0,341826,343,0
1,21.0,3,1,0,1,0,9.825,1,0,0,0,0,0,0,0,0,1,0,0,0,0,0,0,0,0,4137,344,0
0,28.0,3,1,0,1,0,15.85,1,0,0,0,0,0,0,0,0,0,0,0,0,0,1,0,0,0,3101279,132,0
1,20.0,3,1,0,0,0,8.6625,1,0,0,0,0,0,0,0,0,1,0,0,0,0,0,0,0,0,315096,345,0
0,34.0,2,1,0,1,0,21.0,1,0,0,0,0,0,0,0,0,0,0,0,0,0,1,0,0,0,28664,346,0
0,51.0,3,1,0,0,0,7.75,1,0,0,0,0,0,0,0,0,0,0,0,0,0,1,0,0,0,347064,347,0
0,3.0,2,1,0,1,1,18.75,1,0,0,0,0,0,0,0,0,0,0,1,0,0,0,0,0,0,29106,348,1
0,21.0,3,1,0,0,0,7.775,1,0,0,0,0,0,0,0,0,0,0,0,0,0,1,0,0,0,312992,349,0
1,29.0,3,1,0,3,1,25.4667,1,0,0,0,0,0,0,0,0,1,0,0,0,0,0,0,0,0,4133,160,0
0,29.0,3,1,0,0,0,7.8958,1,0,0,0,0,0,0,0,0,0,0,0,0,0,1,0,0,0,349222,350,0
0,29.0,3,0,1,0,0,6.8583,1,0,0,0,0,0,0,0,0,0,0,0,0,0,1,0,0,0,394140,351,0
1,33.0,1,0,1,1,0,90.0,0,1,0,0,0,0,0,0,0,1,0,0,0,0,0,0,0,0,19928,219,1
0,29.0,2,1,0,0,0,0.0,1,0,0,0,0,0,0,0,0,0,0,0,0,0,1,0,0,0,239853,247,0
0,44.0,3,1,0,0,0,7.925,1,0,0,0,0,0,0,0,0,0,0,0,0,0,1,0,0,0,0,352,1
1,29.0,3,1,0,0,0,8.05,1,0,0,0,0,0,0,0,0,0,1,0,0,0,1,0,0,0,343095,353,0
1,34.0,2,1,0,1,1,32.5,1,0,0,0,0,0,0,0,0,0,1,0,0,0,1,1,0,0,28220,354,1
1,18.0,2,1,0,0,2,13.0,1,0,0,0,0,0,0,0,0,1,0,0,0,0,0,0,0,0,250652,355,1
0,30.0,2,1,0,0,0,13.0,1,0,0,0,0,0,0,0,0,0,0,0,0,0,1,0,0,0,28228,356,0
1,10.0,3,1,0,0,2,24.15,1,0,0,0,0,0,0,0,0,1,0,0,0,0,0,0,0,0,345773,357,0
0,29.0,3,0,0,0,0,7.8958,1,0,0,0,0,0,0,0,0,0,0,0,0,0,1,0,0,0,349254,358,0
0,21.0,3,0,1,0,0,7.7333,1,0,0,0,0,0,0,0,0,0,0,0,0,0,1,0,0,0,13032,359,0
0,29.0,3,1,0,0,0,7.875,1,0,0,0,0,0,0,0,0,0,0,0,0,0,1,0,0,0,315082,360,0
1,28.0,3,1,0,1,1,14.4,1,0,0,0,0,0,0,0,0,0,1,0,0,0,1,0,0,0,347080,361,0
0,18.0,3,1,0,1,1,20.2125,1,0,0,0,0,0,0,0,0,0,0,0,0,0,1,0,0,0,370129,227,0
0,29.0,3,1,0,0,0,7.25,1,0,0,0,0,0,0,0,0,0,0,0,0,0,1,0,0,0,34244,362,0
1,28.0,2,1,0,1,0,26.0,1,0,0,0,0,0,0,0,0,0,1,0,0,0,1,0,0,0,2003,363,1
1,19.0,2,1,0,0,0,26.0,1,0,0,0,0,0,0,0,0,1,1,0,0,0,1,0,0,0,250655,364,1
0,29.0,3,0,1,0,0,7.75,1,0,0,0,0,0,0,0,0,0,0,0,0,0,1,0,0,0,364851,365,0
0,32.0,3,1,0,0,0,8.05,0,0,1,0,0,0,0,0,0,0,0,0,0,0,1,0,0,0,392078,366,1
0,28.0,1,1,0,0,0,26.55,0,1,0,0,0,0,0,0,0,0,0,0,0,0,1,0,0,0,110564,367,1
1,29.0,3,1,0,1,0,16.1,1,0,0,0,0,0,0,0,0,0,1,0,0,0,1,0,0,0,376564,368,1
1,42.0,2,1,0,1,0,26.0,1,0,0,0,0,0,0,0,0,0,1,0,0,0,1,0,0,0,3085,369,1
0,17.0,3,1,0,0,0,7.125,1,0,0,0,0,0,0,0,0,0,0,0,0,0,1,0,0,0,0,370,0
0,50.0,1,1,0,1,0,55.9,0,0,1,0,0,0,0,0,0,0,0,0,0,0,1,0,0,0,13507,371,0
1,14.0,1,1,0,1,2,120.0,0,0,0,0,0,0,2,0,0,1,0,0,0,0,0,0,0,0,113760,334,1
1,21.0,3,1,0,2,2,34.375,1,0,0,0,0,0,0,0,0,1,0,0,0,0,0,0,0,0,6608,84,0
1,24.0,2,1,0,2,3,18.75,1,0,0,0,0,0,0,0,0,0,1,0,0,0,1,0,0,0,29106,348,1
0,64.0,1,1,0,1,4,263.0,0,3,0,0,0,0,0,0,0,0,0,0,0,0,1,0,0,0,19950,26,0
0,31.0,2,1,0,0,0,10.5,1,0,0,0,0,0,0,0,0,0,0,0,0,0,1,0,0,0,18723,372,0
1,45.0,2,1,0,1,1,26.25,1,0,0,0,0,0,0,0,0,0,1,0,0,0,1,0,0,0,13529,280,1
0,20.0,3,1,0,0,0,9.5,1,0,0,0,0,0,0,0,0,0,0,0,0,0,1,0,0,0,345769,373,0
0,25.0,3,1,0,1,0,7.775,1,0,0,0,0,0,0,0,0,0,0,0,0,0,1,0,0,0,347076,374,0
1,28.0,2,1,0,0,0,13.0,1,0,0,0,0,0,0,0,0,0,0,0,0,0,0,0,0,0,230434,375,1
0,29.0,3,1,0,0,0,8.1125,1,0,0,0,0,0,0,0,0,0,0,0,0,0,1,0,0,0,65306,376,1
0,4.0,1,1,0,0,2,81.8583,0,0,0,0,0,1,0,0,0,0,0,1,0,0,0,0,0,0,33638,377,1
1,13.0,2,1,0,0,1,19.5,1,0,0,0,0,0,0,0,0,1,0,0,0,0,0,0,0,0,250644,242,1
0,34.0,1,1,0,0,0,26.55,1,0,0,0,0,0,0,0,0,0,0,0,0,0,1,0,0,0,113794,378,1
1,5.0,3,0,0,2,1,19.2583,1,0,0,0,0,0,0,0,0,1,0,0,0,0,0,0,0,0,2666,379,1
0,52.0,1,1,0,0,0,30.5,0,1,0,0,0,0,0,0,0,0,0,0,0,1,0,0,0,0,113786,380,1
0,36.0,2,1,0,1,2,27.75,1,0,0,0,0,0,0,0,0,0,0,0,0,0,1,0,0,0,34651,57,0
0,29.0,3,1,0,1,0,19.9667,1,0,0,0,0,0,0,0,0,0,0,0,0,0,1,0,0,0,65303,381,0
0,30.0,1,0,0,0,0,27.75,0,1,0,0,0,0,0,0,0,0,0,0,0,0,1,0,0,0,113051,382,0
0,49.0,1,0,0,1,0,89.1042,0,1,0,0,0,0,0,0,0,0,0,0,0,0,1,0,0,0,17453,383,1
0,29.0,3,1,0,0,0,8.05,1,0,0,0,0,0,0,0,0,0,0,0,0,0,1,0,0,0,2817,384,0
0,29.0,3,0,0,0,0,7.8958,1,0,0,0,0,0,0,0,0,0,0,0,0,0,1,0,0,0,349240,385,1
0,65.0,1,1,0,0,0,26.55,0,0,1,0,0,0,0,0,0,0,0,0,0,0,1,0,0,0,13509,386,0
1,29.0,1,1,0,1,0,51.8625,0,0,0,0,1,0,0,0,0,0,1,0,0,0,1,0,0,0,17464,387,1
1,50.0,2,1,0,0,0,10.5,1,0,0,0,0,0,0,0,0,1,0,0,0,0,0,0,0,0,13531,388,1
0,29.0,3,0,1,0,0,7.75,1,0,0,0,0,0,0,0,0,0,0,0,0,0,1,0,0,0,371060,389,0
0,48.0,1,1,0,0,0,26.55,0,0,1,0,0,0,0,0,0,0,0,0,0,0,1,0,0,0,19952,390,1
0,34.0,3,1,0,0,0,8.05,1,0,0,0,0,0,0,0,0,0,0,0,0,0,1,0,0,0,364506,391,0
0,47.0,1,1,0,0,0,38.5,0,0,1,0,0,0,0,0,0,0,0,0,0,0,1,0,0,0,111320,392,0
0,48.0,2,1,0,0,0,13.0,1,0,0,0,0,0,0,0,0,0,0,0,0,0,1,0,0,0,234360,393,0
0,29.0,3,1,0,0,0,8.05,1,0,0,0,0,0,0,0,0,0,0,0,0,0,1,0,0,0,2816,394,0
0,38.0,3,1,0,0,0,7.05,1,0,0,0,0,0,0,0,0,0,0,0,0,0,1,0,0,0,3101306,395,0
0,29.0,2,1,0,0,0,0.0,1,0,0,0,0,0,0,0,0,0,0,0,0,0,1,0,0,0,239853,247,0
0,56.0,1,1,0,0,0,26.55,1,0,0,0,0,0,0,0,0,0,0,0,0,0,1,0,0,0,113792,396,0
0,29.0,3,0,1,0,0,7.725,1,0,0,0,0,0,0,0,0,0,0,0,0,0,1,0,0,0,36209,397,0
1,0.75,3,0,0,2,1,19.2583,1,0,0,0,0,0,0,0,0,1,0,0,0,0,0,0,0,0,2666,379,1
0,29.0,3,1,0,0,0,7.25,1,0,0,0,0,0,0,0,0,0,0,0,0,0,1,0,0,0,323592,398,0
0,38.0,3,1,0,0,0,8.6625,1,0,0,0,0,0,0,0,0,0,0,0,0,0,1,0,0,0,315089,399,0
1,33.0,2,1,0,1,2,27.75,1,0,0,0,0,0,0,0,0,0,1,0,0,0,1,0,0,0,34651,57,1
1,23.0,2,0,0,0,0,13.7917,0,0,0,0,1,0,0,0,0,0,1,0,0,0,1,0,0,0,0,400,1
1,22.0,3,1,0,0,0,9.8375,1,0,0,0,0,0,0,0,0,1,0,0,0,0,0,0,0,0,7553,401,0
0,29.0,1,1,0,0,0,52.0,0,0,0,0,0,1,0,0,0,0,0,0,0,0,1,0,0,0,110465,107,0
0,34.0,2,1,0,1,0,21.0,1,0,0,0,0,0,0,0,0,0,0,0,0,0,1,0,0,0,31027,402,0
0,29.0,3,1,0,1,0,7.0458,1,0,0,0,0,0,0,0,0,0,0,0,0,0,1,0,0,0,3460,403,0
0,22.0,3,1,0,0,0,7.5208,1,0,0,0,0,0,0,0,0,0,0,0,0,0,1,0,0,0,350060,404,0
1,2.0,3,1,0,0,1,12.2875,1,0,0,0,0,0,0,0,0,1,0,0,0,0,0,0,0,0,3101298,405,1
0,9.0,3,1,0,5,2,46.9,1,0,0,0,0,0,0,0,0,0,0,1,0,0,0,0,0,0,2144,58,0
0,29.0,2,1,0,0,0,0.0,1,0,0,0,0,0,0,0,0,0,0,0,0,0,1,0,0,0,239854,406,0
0,50.0,3,1,0,0,0,8.05,1,0,0,0,0,0,0,0,0,0,0,0,0,0,1,0,0,0,3594,407,0
1,63.0,3,1,0,0,0,9.5875,1,0,0,0,0,0,0,0,0,0,1,0,0,0,1,0,0,0,4134,408,1
0,25.0,1,0,0,1,0,91.0792,0,0,0,0,0,0,1,0,0,0,0,0,0,0,1,0,0,0,11967,260,1
1,29.0,3,1,0,3,1,25.4667,1,0,0,0,0,0,0,0,0,1,0,0,0,0,0,0,0,0,4133,160,0
1,35.0,1,1,0,1,0,90.0,0,1,0,0,0,0,0,0,0,0,1,0,0,0,1,0,0,0,19943,202,1
0,58.0,1,0,0,0,0,29.7,0,0,0,0,0,0,1,0,0,0,0,0,0,0,1,0,0,0,11771,409,0
0,30.0,3,1,0,0,0,8.05,1,0,0,0,0,0,0,0,0,0,0,0,0,0,1,0,0,0,18509,410,0
0,9.0,3,1,0,1,1,15.9,1,0,0,0,0,0,0,0,0,0,0,1,0,0,0,0,0,0,37671,302,1
0,29.0,3,1,0,1,0,19.9667,1,0,0,0,0,0,0,0,0,0,0,0,0,0,1,0,0,0,65304,411,0
0,21.0,3,1,0,0,0,7.25,1,0,0,0,0,0,0,0,0,0,0,0,0,0,1,0,0,0,3101317,412,0
0,55.0,1,1,0,0,0,30.5,0,1,0,0,0,0,0,0,0,0,0,0,0,0,1,0,0,0,113787,413,0
0,71.0,1,0,0,0,0,49.5042,1,0,0,0,0,0,0,0,0,0,0,0,0,0,1,0,0,0,17609,414,0
0,21.0,3,1,0,0,0,8.05,1,0,0,0,0,0,0,0,0,0,0,0,0,0,1,0,0,0,45380,415,0
0,29.0,3,0,0,0,0,14.4583,1,0,0,0,0,0,0,0,0,0,0,0,0,0,1,0,0,0,2627,111,0
1,54.0,1,0,0,1,0,78.2667,0,0,0,0,1,0,0,0,0,1,0,0,0,0,0,0,0,0,36947,416,1
0,29.0,3,1,0,0,0,15.1,1,0,0,0,0,0,0,0,0,0,0,0,0,0,1,0,0,0,6212,417,0
1,25.0,1,1,0,1,2,151.55,0,2,0,0,0,0,0,0,0,0,1,0,0,0,1,0,0,0,113781,266,0
0,24.0,3,1,0,0,0,7.7958,1,0,0,0,0,0,0,0,0,0,0,0,0,0,1,0,0,0,350035,418,0
0,17.0,3,1,0,0,0,8.6625,1,0,0,0,0,0,0,0,0,0,0,0,0,0,1,0,0,0,315086,419,0
1,21.0,3,0,1,0,0,7.75,1,0,0,0,0,0,0,0,0,1,0,0,0,0,0,0,0,0,364846,420,0
1,29.0,3,0,1,0,0,7.6292,1,0,0,0,0,0,0,0,0,1,0,0,0,0,0,0,0,0,330909,421,0
1,37.0,3,1,0,0,0,9.5875,1,0,0,0,0,0,0,0,0,1,0,0,0,0,0,0,0,0,4135,422,0
1,16.0,1,1,0,0,0,86.5,0,0,0,0,0,0,1,0,0,1,0,0,0,0,0,0,0,0,110152,230,1
0,18.0,1,0,0,1,0,108.9,0,1,0,0,0,0,0,0,0,0,0,0,0,0,1,0,0,0,17758,273,0
1,33.0,2,1,0,0,2,26.0,1,0,0,0,0,0,0,0,0,0,1,0,0,0,1,0,0,0,26360,423,1
0,29.0,1,1,0,0,0,26.55,1,0,0,0,0,0,0,0,0,0,0,0,0,0,1,0,0,0,111427,424,1
0,28.0,3,1,0,0,0,22.525,1,0,0,0,0,0,0,0,0,0,0,0,0,0,1,0,0,0,4001,425,0
0,26.0,3,1,0,0,0,56.4958,1,0,0,0,0,0,0,0,0,0,0,0,0,0,1,0,0,0,1601,72,1
0,29.0,3,0,1,0,0,7.75,1,0,0,0,0,0,0,0,0,0,0,0,0,0,1,0,0,0,382651,426,1
0,29.0,3,1,0,0,0,8.05,1,0,0,0,0,0,0,0,0,0,0,0,0,0,1,0,0,0,3101316,427,0
0,36.0,1,1,0,0,0,26.2875,0,0,1,0,0,0,0,0,0,0,0,0,0,0,1,0,0,0,17473,428,1
1,54.0,1,0,0,1,0,59.4,1,0,0,0,0,0,0,0,0,0,1,0,0,0,1,0,0,0,17603,429,1
0,24.0,3,1,0,0,0,7.4958,1,0,0,0,0,0,0,0,0,0,0,0,1,0,1,0,0,0,349209,430,0
0,47.0,1,1,0,0,0,34.0208,0,0,0,0,1,0,0,0,0,0,0,0,0,0,1,0,0,0,36967,431,0
1,34.0,2,1,0,0,0,10.5,0,0,0,0,0,0,0,1,0,0,1,0,0,0,1,0,0,0,34260,432,1
0,29.0,3,0,1,0,0,24.15,1,0,0,0,0,0,0,0,0,0,0,0,0,0,1,0,0,0,371110,106,0
1,36.0,2,1,0,1,0,26.0,1,0,0,0,0,0,0,0,0,0,1,0,0,0,1,0,0,0,226875,433,1
0,32.0,3,1,0,0,0,7.8958,1,0,0,0,0,0,0,0,0,0,0,0,0,0,1,0,0,0,349242,434,0
1,30.0,1,1,0,0,0,93.5,0,0,0,0,0,0,1,0,0,1,0,0,0,0,0,0,0,0,12749,435,1
0,22.0,3,1,0,0,0,7.8958,1,0,0,0,0,0,0,0,0,0,0,0,0,0,1,0,0,0,349252,436,0
0,29.0,3,0,0,0,0,7.225,1,0,0,0,0,0,0,0,0,0,0,0,0,0,1,0,0,0,2624,437,0
1,44.0,1,0,0,0,1,57.9792,0,0,0,0,0,0,1,0,0,0,1,0,0,0,1,0,0,0,111361,290,1
0,29.0,3,0,0,0,0,7.2292,1,0,0,0,0,0,0,0,0,0,0,0,0,0,1,0,0,0,2700,438,0
0,40.5,3,0,1,0,0,7.75,1,0,0,0,0,0,0,0,0,0,0,0,0,0,1,0,0,0,367232,439,0
1,50.0,2,1,0,0,0,10.5,1,0,0,0,0,0,0,0,0,1,0,0,0,0,0,0,0,0,14258,440,1
0,29.0,1,1,0,0,0,221.7792,0,1,0,0,0,0,0,0,0,0,0,0,0,0,1,0,0,0,17483,441,0
0,39.0,3,1,0,0,0,7.925,1,0,0,0,0,0,0,0,0,0,0,0,0,0,1,0,0,0,3101296,442,0
0,23.0,2,1,0,2,1,11.5,1,0,0,0,0,0,0,0,0,0,0,0,0,0,1,0,0,0,29104,443,0
1,2.0,2,1,0,1,1,26.0,1,0,0,0,0,0,0,0,0,1,0,0,0,0,0,0,0,0,26360,423,1
0,29.0,3,0,0,0,0,7.2292,1,0,0,0,0,0,0,0,0,0,0,0,0,0,1,0,0,0,2641,444,0
0,17.0,3,0,0,1,1,7.2292,1,0,0,0,0,0,0,0,0,0,0,0,0,0,1,0,0,0,2690,445,0
1,29.0,3,0,0,0,2,22.3583,1,0,0,0,0,0,0,0,0,0,1,0,0,0,1,0,0,0,2668,119,1
1,30.0,3,1,0,0,0,8.6625,1,0,0,0,0,0,0,0,0,1,0,0,0,0,0,0,0,0,315084,446,0
1,7.0,2,1,0,0,2,26.25,1,0,0,0,0,0,0,0,0,1,0,0,0,0,0,0,0,0,13529,280,1
0,45.0,1,1,0,0,0,26.55,0,0,0,0,0,0,1,0,0,0,0,0,0,1,0,0,0,0,113050,447,0
1,30.0,1,0,0,0,0,106.425,1,0,0,0,0,0,0,0,0,1,0,0,0,0,0,0,0,0,17761,448,1
0,29.0,3,1,0,0,0,14.5,1,0,0,0,0,0,0,0,0,0,0,0,0,0,1,0,0,0,364498,449,0
1,22.0,1,0,0,0,2,49.5,0,0,0,0,0,0,1,0,0,1,0,0,0,0,0,0,0,0,13568,450,1
1,36.0,1,1,0,0,2,71.0,0,0,0,0,0,0,1,0,0,1,0,0,0,0,0,0,0,0,5735,451,1
1,9.0,3,1,0,4,2,31.275,1,0,0,0,0,0,0,0,0,1,0,0,0,0,0,0,0,0,347082,13,0
1,11.0,3,1,0,4,2,31.275,1,0,0,0,0,0,0,0,0,1,0,0,0,0,0,0,0,0,347082,13,0
0,32.0,2,1,0,1,0,26.0,1,0,0,0,0,0,0,0,0,0,0,0,0,0,1,0,0,0,2908,452,1
0,50.0,1,0,0,1,0,106.425,0,1,0,0,0,0,0,0,0,0,0,0,0,0,1,0,1,0,17761,448,0
0,64.0,1,1,0,0,0,26.0,1,0,0,0,0,0,0,0,0,0,0,0,0,0,1,0,0,0,693,453,0
1,19.0,2,1,0,1,0,26.0,1,0,0,0,0,0,0,0,0,0,1,0,0,0,1,0,0,0,2908,452,1
0,29.0,2,0,0,0,0,13.8625,1,0,0,0,0,0,0,0,0,0,0,0,0,0,1,0,0,0,2146,454,1
0,33.0,3,1,0,1,1,20.525,1,0,0,0,0,0,0,0,0,0,0,0,0,0,1,0,0,0,363291,153,0
0,8.0,2,1,0,1,1,36.75,1,0,0,0,0,0,0,0,0,0,0,1,0,0,0,0,0,0,33112,135,1
0,17.0,1,0,0,0,2,110.8833,0,1,0,0,0,0,0,0,0,0,0,0,0,0,1,0,0,0,17421,272,1
0,27.0,2,1,0,0,0,26.0,1,0,0,0,0,0,0,0,0,0,0,0,0,0,1,0,0,0,244358,455,0
0,29.0,3,0,1,0,0,7.8292,1,0,0,0,0,0,0,0,0,0,0,0,0,0,1,0,0,0,330979,456,0
0,22.0,3,0,0,0,0,7.225,1,0,0,0,0,0,0,0,0,0,0,0,0,0,1,0,0,0,2620,457,1
1,22.0,3,1,0,0,0,7.775,1,0,0,0,0,0,0,0,0,1,0,0,0,0,0,0,0,0,347085,458,1
0,62.0,1,1,0,0,0,26.55,1,0,0,0,0,0,0,0,0,0,0,0,0,0,1,0,0,0,113807,459,0
1,48.0,1,0,0,1,0,39.6,0,0,0,0,0,1,0,0,0,0,1,0,0,0,1,0,0,0,11755,460,1
0,29.0,1,0,0,0,0,227.525,1,0,0,0,0,0,0,0,0,0,0,0,0,0,1,0,0,0,17757,327,0
1,39.0,1,1,0,1,1,79.65,0,0,1,0,0,0,0,0,0,0,1,0,0,0,1,0,0,0,110413,234,1
1,36.0,3,1,0,1,0,17.4,1,0,0,0,0,0,0,0,0,0,1,0,0,0,1,0,0,0,345572,461,1
0,29.0,3,0,1,0,0,7.75,1,0,0,0,0,0,0,0,0,0,0,0,0,0,1,0,0,0,372622,462,0
0,40.0,3,1,0,0,0,7.8958,1,0,0,0,0,0,0,0,0,0,0,0,0,0,1,0,0,0,349251,463,0
0,28.0,2,1,0,0,0,13.5,1,0,0,0,0,0,0,0,0,0,0,0,0,0,1,0,0,0,218629,464,0
0,29.0,3,1,0,0,0,8.05,1,0,0,0,0,0,0,0,0,0,0,0,0,0,1,0,0,0,392082,465,0
1,29.0,3,1,0,0,0,8.05,1,0,0,0,0,0,0,0,0,1,0,0,0,0,0,0,0,0,392087,466,0
0,24.0,3,1,0,2,0,24.15,1,0,0,0,0,0,0,0,0,0,0,0,0,0,1,0,0,0,48871,467,0
0,19.0,3,1,0,0,0,7.8958,1,0,0,0,0,0,0,0,0,0,0,0,0,0,1,0,0,0,349205,468,0
1,29.0,3,1,0,0,4,21.075,1,0,0,0,0,0,0,0,0,0,1,0,0,0,1,0,0,0,349909,7,0
0,29.0,3,0,0,0,0,7.2292,1,0,0,0,0,0,0,0,0,0,0,0,0,0,1,0,0,0,2686,469,0
0,32.0,3,1,0,0,0,7.8542,1,0,0,0,0,0,0,0,0,0,0,0,0,0,1,0,0,0,350417,470,1
0,62.0,2,1,0,0,0,10.5,1,0,0,0,0,0,0,0,0,0,0,0,0,0,1,0,0,0,752,471,1
1,53.0,1,1,0,2,0,51.4792,0,1,0,0,0,0,0,0,0,0,1,0,0,0,1,0,0,0,11769,472,1
0,36.0,1,1,0,0,0,26.3875,0,0,1,0,0,0,0,0,0,0,0,0,0,0,1,0,0,0,17474,473,1
1,29.0,3,0,1,0,0,7.75,1,0,0,0,0,0,0,0,0,1,0,0,0,0,0,0,0,0,14312,474,1
0,16.0,3,1,0,0,0,8.05,1,0,0,0,0,0,0,0,0,0,0,0,0,0,1,0,0,0,20589,475,0
0,19.0,3,1,0,0,0,14.5,1,0,0,0,0,0,0,0,0,0,0,0,0,0,1,0,0,0,358585,476,0
1,34.0,2,1,0,0,0,13.0,1,0,0,0,0,0,0,0,0,1,0,0,0,0,0,0,0,0,243880,477,1
1,39.0,1,1,0,1,0,55.9,0,0,1,0,0,0,0,0,0,0,1,0,0,0,1,0,0,0,13507,371,1
1,29.0,3,0,0,1,0,14.4583,1,0,0,0,0,0,0,0,0,0,1,0,0,0,1,0,0,0,2689,478,0
0,32.0,3,1,0,0,0,7.925,1,0,0,0,0,0,0,0,0,0,0,0,0,0,1,0,0,0,0,479,1
1,25.0,2,1,0,1,1,30.0,1,0,0,0,0,0,0,0,0,1,0,0,0,0,0,0,0,0,237789,480,1
1,39.0,1,0,0,1,1,110.8833,0,1,0,0,0,0,0,0,0,0,1,0,0,0,1,0,0,0,17421,272,1
0,54.0,2,1,0,0,0,26.0,1,0,0,0,0,0,0,0,0,0,0,0,0,0,1,0,0,0,28403,339,0
0,36.0,1,0,0,0,0,40.125,0,0,0,0,0,1,0,0,0,0,0,0,0,0,1,0,0,0,13049,481,0
0,29.0,3,0,0,0,0,8.7125,1,0,0,0,0,0,0,0,0,0,0,0,0,0,1,0,0,0,3411,482,0
1,18.0,1,1,0,0,2,79.65,0,0,1,0,0,0,0,0,0,1,0,0,0,0,0,0,0,0,110413,234,1
0,47.0,2,1,0,0,0,15.0,1,0,0,0,0,0,0,0,0,0,0,0,0,0,1,0,0,0,237565,483,0
0,60.0,1,0,0,1,1,79.2,0,0,0,0,0,0,1,0,0,0,0,0,0,0,1,0,0,0,13567,484,1
0,22.0,3,1,0,0,0,8.05,1,0,0,0,0,0,0,0,0,0,0,0,0,0,1,0,0,0,14973,485,0
0,29.0,3,1,0,0,0,8.05,1,0,0,0,0,0,0,0,0,0,0,0,0,0,1,0,0,0,3235,486,0
0,35.0,3,1,0,0,0,7.125,1,0,0,0,0,0,0,0,0,0,0,0,0,0,1,0,0,0,0,487,0
1,52.0,1,0,0,1,0,78.2667,0,0,0,0,1,0,0,0,0,0,1,0,0,0,1,0,0,0,36947,416,1
0,47.0,3,1,0,0,0,7.25,1,0,0,0,0,0,0,0,0,0,0,0,0,0,1,0,0,0,3902,488,0
1,29.0,3,0,1,0,2,7.75,1,0,0,0,0,0,0,0,0,1,0,0,0,0,0,0,0,0,364848,489,0
0,37.0,2,1,0,1,0,26.0,1,0,0,0,0,0,0,0,0,0,0,0,0,0,1,0,0,0,29037,490,0
0,36.0,3,1,0,1,1,24.15,1,0,0,0,0,0,0,0,0,0,0,0,0,0,1,0,0,0,345773,357,0
1,29.0,2,1,0,0,0,33.0,1,0,0,0,0,0,0,0,0,1,0,0,0,0,0,0,0,0,248727,491,1
0,49.0,3,1,0,0,0,0.0,1,0,0,0,0,0,0,0,0,0,0,0,0,0,1,0,0,0,0,163,0
0,29.0,3,0,0,0,0,7.225,1,0,0,0,0,0,0,0,0,0,0,0,0,0,1,0,0,0,2664,492,0
0,49.0,1,0,0,1,0,56.9292,0,0,0,0,0,1,0,0,0,0,0,0,0,0,1,0,0,1,17485,275,1
1,24.0,2,1,0,2,1,27.0,1,0,0,0,0,0,0,0,0,0,1,0,0,0,1,0,0,0,243847,195,1
0,29.0,3,1,0,0,0,7.8958,1,0,0,0,0,0,0,0,0,0,0,0,0,0,1,0,0,0,349214,493,0
0,29.0,1,1,0,0,0,42.4,1,0,0,0,0,0,0,0,0,0,0,0,0,0,1,0,0,0,113796,494,0
0,44.0,3,1,0,0,0,8.05,1,0,0,0,0,0,0,0,0,0,0,0,0,0,1,0,0,0,364511,495,0
0,35.0,1,0,0,0,0,26.55,1,0,0,0,0,0,0,0,0,0,0,0,0,0,1,0,0,0,111426,496,1
0,36.0,3,1,0,1,0,15.55,1,0,0,0,0,0,0,0,0,0,0,0,0,0,1,0,0,0,349910,497,0
0,30.0,3,1,0,0,0,7.8958,1,0,0,0,0,0,0,0,0,0,0,0,0,0,1,0,0,0,349246,498,0
0,27.0,1,1,0,0,0,30.5,1,0,0,0,0,0,0,0,0,0,0,0,0,0,1,0,0,0,113804,499,1
1,22.0,2,0,0,1,2,41.5792,1,0,0,0,0,0,0,0,0,0,1,0,0,0,1,0,0,0,2123,42,1
1,40.0,1,1,0,0,0,153.4625,0,1,0,0,0,0,0,0,0,1,0,0,0,0,0,0,0,0,17582,239,1
1,39.0,3,1,0,1,5,31.275,1,0,0,0,0,0,0,0,0,0,1,0,0,0,1,0,0,0,347082,13,0
0,29.0,3,1,0,0,0,7.05,1,0,0,0,0,0,0,0,0,0,0,0,0,0,1,0,0,0,3101305,500,0
1,29.0,3,0,1,1,0,15.5,1,0,0,0,0,0,0,0,0,1,0,0,0,0,0,0,0,0,367230,215,1
0,29.0,3,0,1,0,0,7.75,1,0,0,0,0,0,0,0,0,0,0,0,0,0,1,0,0,0,370377,501,0
0,35.0,3,1,0,0,0,8.05,1,0,0,0,0,0,0,0,0,0,0,0,0,0,1,0,0,0,364512,502,0
1,24.0,2,1,0,1,2,65.0,1,0,0,0,0,0,0,0,0,1,0,0,0,0,0,0,0,0,220845,503,1
0,34.0,3,1,0,1,1,14.4,1,0,0,0,0,0,0,0,0,0,0,0,0,0,1,0,0,0,347080,361,0
1,26.0,3,1,0,1,0,16.1,1,0,0,0,0,0,0,0,0,0,1,0,0,0,1,0,0,0,3336,226,0
1,4.0,2,1,0,2,1,39.0,0,0,0,0,0,0,0,1,0,1,0,0,0,0,0,0,0,0,230136,165,1
0,26.0,2,1,0,0,0,10.5,1,0,0,0,0,0,0,0,0,0,0,0,0,0,1,0,0,0,31028,504,0
0,27.0,3,0,0,1,0,14.4542,1,0,0,0,0,0,0,0,0,0,0,0,0,0,1,0,0,0,2659,505,0
0,42.0,1,1,0,1,0,52.5542,0,0,0,0,1,0,0,0,0,0,0,0,0,0,1,0,0,0,11753,506,1
0,20.0,3,0,0,1,1,15.7417,1,0,0,0,0,0,0,0,0,0,0,0,0,0,1,0,0,0,2653,328,1
0,21.0,3,1,0,0,0,7.8542,1,0,0,0,0,0,0,0,0,0,0,0,0,0,1,0,0,0,350029,507,0
0,21.0,3,1,0,0,0,16.1,1,0,0,0,0,0,0,0,0,0,0,0,0,0,1,0,0,0,54636,508,0
0,61.0,1,1,0,0,0,32.3208,0,0,0,0,1,0,0,0,0,0,0,0,0,0,1,0,0,0,36963,509,0
0,57.0,2,0,1,0,0,12.35,1,0,0,0,0,0,0,0,0,0,0,0,0,0,0,0,0,0,219533,510,0
1,21.0,1,1,0,0,0,77.9583,0,0,0,0,1,0,0,0,0,1,0,0,0,0,0,0,0,0,13502,245,1
0,26.0,3,1,0,0,0,7.8958,1,0,0,0,0,0,0,0,0,0,0,0,0,0,1,0,0,0,349224,511,0
0,29.0,3,0,1,0,0,7.7333,1,0,0,0,0,0,0,0,0,0,0,0,0,0,1,0,0,0,334912,512,0
0,80.0,1,1,0,0,0,30.0,0,0,0,0,0,1,0,0,0,0,0,0,0,0,1,0,0,0,27042,513,1
0,51.0,3,1,0,0,0,7.0542,1,0,0,0,0,0,0,0,0,0,0,0,0,0,1,0,0,0,347743,514,0
0,32.0,1,0,0,0,0,30.5,0,0,0,0,0,0,1,0,0,0,0,0,0,0,0,1,0,0,13214,515,1
0,29.0,1,1,0,0,0,0.0,1,0,0,0,0,0,0,0,0,0,0,0,0,0,1,0,0,0,112052,516,0
1,9.0,3,1,0,3,2,27.9,1,0,0,0,0,0,0,0,0,1,0,0,0,0,0,0,0,0,347088,62,0
1,28.0,2,1,0,0,0,13.0,1,0,0,0,0,0,0,0,0,1,0,0,0,0,0,0,0,0,237668,517,1
0,32.0,3,1,0,0,0,7.925,1,0,0,0,0,0,0,0,0,0,0,0,0,0,1,0,0,0,0,518,0
0,31.0,2,1,0,1,1,26.25,1,0,0,0,0,0,0,0,0,0,0,0,1,0,1,0,0,0,31921,212,0
1,41.0,3,1,0,0,5,39.6875,1,0,0,0,0,0,0,0,0,0,1,0,0,0,1,0,0,0,3101295,49,0
0,29.0,3,1,0,1,0,16.1,1,0,0,0,0,0,0,0,0,0,0,0,0,0,1,0,0,0,376564,368,0
0,20.0,3,1,0,0,0,7.8542,1,0,0,0,0,0,0,0,0,0,0,0,0,0,1,0,0,0,350050,519,0
1,24.0,1,0,0,0,0,69.3,0,0,0,0,0,0,1,0,0,0,0,0,0,0,0,0,0,0,17477,319,1
1,2.0,3,1,0,3,2,27.9,1,0,0,0,0,0,0,0,0,1,0,0,0,0,0,0,0,0,347088,62,0
0,29.0,3,1,0,0,0,56.4958,1,0,0,0,0,0,0,0,0,0,0,0,0,0,1,0,0,0,1601,72,1
1,0.75,3,0,0,2,1,19.2583,1,0,0,0,0,0,0,0,0,1,0,0,0,0,0,0,0,0,2666,379,1
0,48.0,1,0,0,1,0,76.7292,0,0,0,0,1,0,0,0,0,0,0,0,0,0,1,0,0,0,17572,51,1
0,19.0,3,1,0,0,0,7.8958,1,0,0,0,0,0,0,0,0,0,0,0,0,0,1,0,0,0,349231,520,0
0,56.0,1,0,0,0,0,35.5,0,0,0,0,0,1,0,0,0,0,0,0,1,0,0,0,0,0,13213,521,1
0,29.0,3,1,0,0,0,7.55,1,0,0,0,0,0,0,0,0,0,0,0,0,0,1,0,0,0,751,522,0
1,23.0,3,1,0,0,0,7.55,1,0,0,0,0,0,0,0,0,1,0,0,0,0,0,0,0,0,2314,523,1
0,29.0,3,1,0,0,0,7.8958,1,0,0,0,0,0,0,0,0,0,0,0,0,0,1,0,0,0,349221,524,0
1,18.0,2,1,0,0,1,23.0,1,0,0,0,0,0,0,0,0,1,0,0,0,0,0,0,0,0,231919,95,1
0,21.0,3,1,0,0,0,8.4333,1,0,0,0,0,0,0,0,0,0,0,0,0,0,1,0,0,0,8475,525,0
1,29.0,3,0,1,0,0,7.8292,1,0,0,0,0,0,0,0,0,1,0,0,0,0,0,0,0,0,330919,526,1
1,18.0,3,0,1,0,0,6.75,1,0,0,0,0,0,0,0,0,1,0,0,0,0,0,0,0,0,365226,527,0
0,24.0,2,1,0,2,0,73.5,1,0,0,0,0,0,0,0,0,0,0,0,0,0,1,0,0,0,14879,70,0
0,29.0,3,1,0,0,0,7.8958,1,0,0,0,0,0,0,0,0,0,0,0,0,0,1,0,0,0,349223,528,0
1,32.0,3,0,1,1,1,15.5,1,0,0,0,0,0,0,0,0,0,1,0,0,0,1,0,0,0,364849,170,0
0,23.0,2,1,0,0,0,13.0,1,0,0,0,0,0,0,0,0,0,0,0,0,0,1,0,0,0,29751,529,0
0,58.0,1,0,0,0,2,113.275,0,0,0,0,1,0,0,0,0,0,0,0,0,0,1,0,0,0,35273,193,0
0,50.0,1,1,0,2,0,133.65,1,0,0,0,0,0,0,0,0,0,0,0,0,0,0,1,0,0,17611,292,1
0,40.0,3,0,0,0,0,7.225,1,0,0,0,0,0,0,0,0,0,0,0,0,0,1,0,0,0,2623,530,0
0,47.0,1,1,0,0,0,25.5875,0,0,1,0,0,0,0,0,0,0,0,0,1,0,1,0,0,0,5727,531,0
0,36.0,3,1,0,0,0,7.4958,1,0,0,0,0,0,0,0,0,0,0,0,1,0,1,0,0,0,349210,532,0
0,20.0,3,1,0,1,0,7.925,1,0,0,0,0,0,0,0,0,0,0,0,0,0,1,0,0,0,0,533,1
0,32.0,2,1,0,2,0,73.5,1,0,0,0,0,0,0,0,0,0,0,0,0,0,1,0,0,0,14879,70,0
0,25.0,2,1,0,0,0,13.0,1,0,0,0,0,0,0,0,0,0,0,0,0,0,1,0,0,0,234686,534,0
0,29.0,3,1,0,0,0,7.775,1,0,0,0,0,0,0,0,0,0,0,0,0,0,1,0,0,0,312993,535,0
0,43.0,3,1,0,0,0,8.05,1,0,0,0,0,0,0,0,0,0,0,0,0,0,1,0,0,0,3536,536,0
1,29.0,1,1,0,1,0,52.0,0,1,0,0,0,0,0,0,0,0,1,0,0,0,1,0,0,0,19996,537,1
1,40.0,2,1,0,1,1,39.0,1,0,0,0,0,0,0,0,0,0,1,0,0,0,1,0,0,0,29750,538,1
0,31.0,1,1,0,1,0,52.0,0,0,0,0,0,0,1,0,0,0,0,0,0,0,1,0,0,0,12750,539,0
0,70.0,2,1,0,0,0,10.5,1,0,0,0,0,0,0,0,0,0,0,0,0,0,1,0,0,0,24580,540,0
0,31.0,2,1,0,0,0,13.0,1,0,0,0,0,0,0,0,0,0,0,0,0,0,1,0,0,0,244270,541,1
0,29.0,2,1,0,0,0,0.0,1,0,0,0,0,0,0,0,0,0,0,0,0,0,1,0,0,0,239856,542,0
0,18.0,3,1,0,0,0,7.775,1,0,0,0,0,0,0,0,0,0,0,0,0,0,1,0,0,0,349912,543,0
0,24.5,3,1,0,0,0,8.05,1,0,0,0,0,0,0,0,0,0,0,0,0,0,1,0,0,0,342826,544,0
1,18.0,3,1,0,0,0,9.8417,1,0,0,0,0,0,0,0,0,1,0,0,0,0,0,0,0,0,4138,545,1
1,43.0,3,1,0,1,6,46.9,1,0,0,0,0,0,0,0,0,0,1,0,0,0,1,0,0,0,2144,58,0
0,36.0,1,0,0,0,1,512.3292,0,0,0,0,0,0,3,0,0,0,0,0,0,0,1,1,0,0,17755,231,1
1,29.0,3,0,1,0,0,8.1375,1,0,0,0,0,0,0,0,0,1,0,0,0,0,0,0,0,0,330935,546,0
0,27.0,1,0,0,0,0,76.7292,0,0,0,0,1,0,0,0,0,0,0,0,0,0,1,0,0,0,17572,51,1
0,20.0,3,1,0,0,0,9.225,1,0,0,0,0,0,0,0,0,0,0,0,0,0,1,0,0,0,6563,547,0
0,14.0,3,1,0,5,2,46.9,1,0,0,0,0,0,0,0,0,0,0,0,0,0,1,0,0,0,2144,58,0
0,60.0,2,1,0,1,1,39.0,1,0,0,0,0,0,0,0,0,0,0,0,0,0,1,0,0,0,29750,538,0
0,25.0,2,0,0,1,2,41.5792,1,0,0,0,0,0,0,0,0,0,0,0,0,0,1,0,0,0,2123,42,0
0,14.0,3,1,0,4,1,39.6875,1,0,0,0,0,0,0,0,0,0,0,0,0,0,1,0,0,0,3101295,49,0
0,19.0,3,1,0,0,0,10.1708,1,0,0,0,0,0,0,0,0,0,0,0,0,0,1,0,0,0,349228,548,0
0,18.0,3,1,0,0,0,7.7958,1,0,0,0,0,0,0,0,0,0,0,0,0,0,1,0,0,0,350036,549,0
1,15.0,1,1,0,0,1,211.3375,0,0,0,0,0,0,1,0,0,1,0,0,0,0,0,0,0,0,24160,550,1
0,31.0,1,1,0,1,0,57.0,0,0,0,0,0,0,1,0,0,0,0,0,0,0,1,0,0,0,17474,551,1
1,4.0,3,0,0,0,1,13.4167,1,0,0,0,0,0,0,0,0,1,0,0,0,0,0,0,0,0,349256,552,1
0,29.0,3,1,0,0,0,56.4958,1,0,0,0,0,0,0,0,0,0,0,0,0,0,1,0,0,0,1601,72,1
0,25.0,3,0,0,0,0,7.225,1,0,0,0,0,0,0,0,0,0,0,0,0,0,1,0,0,0,2672,553,0
0,60.0,1,1,0,0,0,26.55,1,0,0,0,0,0,0,0,0,0,0,0,1,0,0,0,0,0,113800,554,0
0,52.0,2,1,0,0,0,13.5,1,0,0,0,0,0,0,0,0,0,0,0,0,0,1,0,0,0,248731,555,0
0,44.0,3,1,0,0,0,8.05,1,0,0,0,0,0,0,0,0,0,0,0,0,0,1,0,0,0,363592,556,0
1,29.0,3,0,1,0,0,7.7333,1,0,0,0,0,0,0,0,0,1,0,0,0,0,0,0,0,0,35852,557,1
0,49.0,1,0,0,1,1,110.8833,0,1,0,0,0,0,0,0,0,0,0,0,0,0,1,0,0,0,17421,272,0
0,42.0,3,1,0,0,0,7.65,0,0,0,1,0,0,0,1,0,0,0,0,0,0,1,0,0,0,348121,558,0
1,18.0,1,0,0,1,0,227.525,0,2,0,0,0,0,0,0,0,0,1,0,0,0,1,0,0,0,17757,327,1
0,35.0,1,1,0,0,0,26.2875,0,0,1,0,0,0,0,0,0,0,0,0,0,0,1,0,0,0,17475,559,1
1,18.0,3,0,0,0,1,14.4542,1,0,0,0,0,0,0,0,0,1,0,0,0,0,0,0,0,0,2691,313,0
0,25.0,3,0,1,0,0,7.7417,1,0,0,0,0,0,0,0,0,0,0,0,0,0,1,0,0,0,36864,560,0
0,26.0,3,1,0,1,0,7.8542,1,0,0,0,0,0,0,0,0,0,0,0,0,0,1,0,0,0,350025,561,0
0,39.0,2,1,0,0,0,26.0,1,0,0,0,0,0,0,0,0,0,0,0,0,0,1,0,0,0,250655,364,0
1,45.0,2,1,0,0,0,13.5,1,0,0,0,0,0,0,0,0,0,1,0,0,0,1,0,0,0,223596,562,1
0,42.0,1,1,0,0,0,26.2875,0,0,1,0,0,0,0,0,0,0,0,0,0,0,1,0,0,0,17476,563,1
1,22.0,1,1,0,0,0,151.55,1,0,0,0,0,0,0,0,0,1,0,0,0,0,0,0,0,0,113781,266,1
0,29.0,3,0,0,1,1,15.2458,1,0,0,0,0,0,0,0,0,0,0,1,0,0,0,0,0,0,2661,64,1
1,24.0,1,0,0,0,0,49.5042,0,1,0,0,0,0,0,0,0,0,1,0,0,0,1,0,0,0,17482,564,1
0,29.0,1,1,0,0,0,26.55,0,1,0,0,0,0,0,0,0,0,0,0,0,0,1,0,0,0,113028,565,0
0,48.0,1,1,0,1,0,52.0,0,1,0,0,0,0,0,0,0,0,0,0,0,0,1,0,0,0,19996,537,1
0,29.0,3,1,0,0,0,9.4833,1,0,0,0,0,0,0,0,0,0,0,0,0,0,1,0,0,0,7545,566,0
0,52.0,2,1,0,0,0,13.0,1,0,0,0,0,0,0,0,0,0,0,0,0,0,1,0,0,0,250647,567,0
0,19.0,3,1,0,0,0,7.65,0,0,0,1,0,0,0,1,0,0,0,0,0,0,1,0,0,0,348124,568,0
1,38.0,1,0,0,0,0,227.525,0,1,0,0,0,0,0,0,0,1,0,0,0,0,0,0,0,0,17757,327,1
1,27.0,2,1,0,0,0,10.5,0,0,1,0,0,0,0,0,0,1,0,0,0,0,0,0,0,0,34218,569,1
0,29.0,3,0,1,0,0,15.5,1,0,0,0,0,0,0,0,0,0,0,0,0,0,1,0,0,0,36568,570,0
0,33.0,3,1,0,0,0,7.775,1,0,0,0,0,0,0,0,0,0,0,0,0,0,1,0,0,0,347062,571,0
1,6.0,2,1,0,0,1,33.0,1,0,0,0,0,0,0,0,0,1,0,0,0,0,0,0,0,0,248727,491,1
0,17.0,3,1,0,1,0,7.0542,1,0,0,0,0,0,0,0,0,0,0,0,0,0,1,0,0,0,350048,572,0
0,34.0,2,1,0,0,0,13.0,1,0,0,0,0,0,0,0,0,0,0,0,0,0,1,0,0,0,12233,573,0
0,50.0,2,1,0,0,0,13.0,1,0,0,0,0,0,0,0,0,0,0,0,0,0,1,0,0,0,250643,574,0
0,27.0,1,1,0,1,0,53.1,0,0,1,0,0,0,0,0,0,0,0,0,0,0,1,0,0,0,113806,575,1
0,20.0,3,1,0,0,0,8.6625,1,0,0,0,0,0,0,0,0,0,0,0,0,0,1,0,0,0,315094,576,0
1,30.0,2,1,0,3,0,21.0,1,0,0,0,0,0,0,0,0,0,1,0,0,0,1,0,0,0,31027,402,1
1,29.0,3,0,1,0,0,7.7375,1,0,0,0,0,0,0,0,0,1,0,0,0,0,0,0,0,0,36866,577,1
0,25.0,2,1,0,1,0,26.0,1,0,0,0,0,0,0,0,0,0,0,0,0,0,1,0,0,0,236853,578,0
1,25.0,3,1,0,1,0,7.925,1,0,0,0,0,0,0,0,0,1,0,0,0,0,0,0,0,0,3101271,579,0
1,29.0,1,1,0,0,0,211.3375,0,0,0,0,0,0,1,0,0,1,0,0,0,0,0,0,0,0,24160,550,1
0,11.0,3,0,0,0,0,18.7875,1,0,0,0,0,0,0,0,0,0,0,0,0,0,1,0,0,0,2699,185,0
0,29.0,2,1,0,0,0,0.0,1,0,0,0,0,0,0,0,0,0,0,0,0,0,1,0,0,0,239855,580,0
0,23.0,2,1,0,0,0,13.0,1,0,0,0,0,0,0,0,0,0,0,0,0,0,1,0,0,0,28425,581,0
0,23.0,2,1,0,0,0,13.0,1,0,0,0,0,0,0,0,0,0,0,0,0,0,1,0,0,0,233639,582,0
0,28.5,3,1,0,0,0,16.1,1,0,0,0,0,0,0,0,0,0,0,0,0,0,1,0,0,0,54636,508,0
1,48.0,3,1,0,1,3,34.375,1,0,0,0,0,0,0,0,0,0,1,0,0,0,1,0,0,0,6608,84,0
0,35.0,1,0,0,0,0,512.3292,0,0,0,0,0,0,1,0,0,0,0,0,0,0,1,0,0,0,17755,231,1
0,29.0,3,1,0,0,0,7.8958,1,0,0,0,0,0,0,0,0,0,0,0,0,0,1,0,0,0,349201,583,0
0,29.0,3,1,0,0,0,7.8958,1,0,0,0,0,0,0,0,0,0,0,0,0,0,1,0,0,0,349218,584,0
0,29.0,1,1,0,0,0,30.0,0,0,0,0,1,0,0,0,0,0,0,0,0,0,1,0,0,0,16988,585,1
0,36.0,1,1,0,1,0,78.85,0,1,0,0,0,0,0,0,0,0,0,0,0,0,1,0,0,0,19877,259,0
1,21.0,1,0,0,2,2,262.375,0,0,0,0,0,0,4,0,0,1,0,0,0,0,0,0,0,0,17608,277,1
0,24.0,3,1,0,1,0,16.1,1,0,0,0,0,0,0,0,0,0,0,0,0,0,1,0,0,0,376566,586,0
0,31.0,3,1,0,0,0,7.925,1,0,0,0,0,0,0,0,0,0,0,0,0,0,1,0,0,0,0,587,1
0,70.0,1,1,0,1,1,71.0,0,0,0,0,0,0,1,0,0,0,0,0,0,0,0,0,0,0,5735,451,0
0,16.0,3,1,0,1,1,20.25,1,0,0,0,0,0,0,0,0,0,0,0,0,0,1,0,0,0,2673,248,0
1,30.0,2,1,0,0,0,13.0,1,0,0,0,0,0,0,0,0,1,0,0,0,0,0,0,0,0,250648,588,1
0,19.0,1,1,0,1,0,53.1,0,0,0,0,1,0,0,0,0,0,0,0,0,0,1,0,0,0,113773,589,0
0,31.0,3,0,1,0,0,7.75,1,0,0,0,0,0,0,0,0,0,0,0,0,0,1,0,0,0,335097,590,0
1,4.0,2,1,0,1,1,23.0,1,0,0,0,0,0,0,0,0,1,0,0,0,0,0,0,0,0,29103,591,1
0,6.0,3,1,0,0,1,12.475,0,0,1,0,0,0,0,0,0,0,0,1,0,0,0,0,0,0,392096,592,1
0,33.0,3,1,0,0,0,9.5,1,0,0,0,0,0,0,0,0,0,0,0,0,0,1,0,0,0,345780,593,0
0,23.0,3,1,0,0,0,7.8958,1,0,0,0,0,0,0,0,0,0,0,0,0,0,1,0,0,0,349204,594,0
1,48.0,2,1,0,1,2,65.0,1,0,0,0,0,0,0,0,0,0,1,0,0,0,1,0,0,0,220845,503,1
0,0.67,2,1,0,1,1,14.5,1,0,0,0,0,0,0,0,0,0,0,1,0,0,0,0,0,0,250649,221,1
0,28.0,3,1,0,0,0,7.7958,1,0,0,0,0,0,0,0,0,0,0,0,0,0,1,0,0,0,350042,595,0
0,18.0,2,1,0,0,0,11.5,1,0,0,0,0,0,0,0,0,0,0,0,0,0,1,0,0,0,29108,596,0
0,34.0,3,1,0,0,0,8.05,1,0,0,0,0,0,0,0,0,0,0,0,0,0,1,0,0,0,363294,597,0
1,33.0,1,1,0,0,0,86.5,0,0,0,0,0,0,1,0,0,0,0,0,0,0,0,0,0,0,110152,230,1
0,29.0,3,1,0,0,0,14.5,1,0,0,0,0,0,0,0,0,0,0,0,0,0,1,0,0,0,358585,476,0
0,41.0,3,1,0,0,0,7.125,1,0,0,0,0,0,0,0,0,0,0,0,0,0,1,0,0,0,3101272,598,0
0,20.0,3,0,0,0,0,7.2292,1,0,0,0,0,0,0,0,0,0,0,0,0,0,1,0,0,0,2663,599,1
1,36.0,1,1,0,1,2,120.0,0,0,0,0,0,0,2,0,0,0,1,0,0,0,1,0,0,0,113760,334,1
0,16.0,3,1,0,0,0,7.775,1,0,0,0,0,0,0,0,0,0,0,0,0,0,1,0,0,0,347074,600,0
1,51.0,1,1,0,1,0,77.9583,0,0,0,0,1,0,0,0,0,0,1,0,0,0,1,0,0,0,13502,245,1
0,29.0,1,0,0,0,0,39.6,1,0,0,0,0,0,0,0,0,0,0,0,0,0,0,1,0,0,112379,601,0
1,30.5,3,0,1,0,0,7.75,1,0,0,0,0,0,0,0,0,1,0,0,0,0,0,0,0,0,364850,602,0
0,29.0,3,0,1,1,0,24.15,1,0,0,0,0,0,0,0,0,0,0,0,0,0,1,0,0,0,371110,106,0
0,32.0,3,1,0,0,0,8.3625,1,0,0,0,0,0,0,0,0,0,0,0,0,0,1,0,0,0,8471,603,0
0,24.0,3,1,0,0,0,9.5,1,0,0,0,0,0,0,0,0,0,0,0,0,0,1,0,0,0,345781,604,0
0,48.0,3,1,0,0,0,7.8542,1,0,0,0,0,0,0,0,0,0,0,0,0,0,1,0,0,0,350047,605,0
1,57.0,2,1,0,0,0,10.5,0,0,1,0,0,0,0,0,0,0,1,0,0,0,1,0,0,0,3,606,0
0,29.0,3,0,0,0,0,7.225,1,0,0,0,0,0,0,0,0,0,0,0,0,0,1,0,0,0,2674,607,0
1,54.0,2,1,0,1,3,23.0,1,0,0,0,0,0,0,0,0,0,1,0,0,0,1,0,0,0,29105,608,1
0,18.0,3,1,0,0,0,7.75,1,0,0,0,0,0,0,0,0,0,0,0,0,0,1,0,0,0,347078,609,0
0,29.0,3,0,1,0,0,7.75,0,0,0,0,0,0,0,1,0,0,0,0,0,0,1,0,0,0,383121,610,0
1,5.0,3,1,0,0,0,12.475,1,0,0,0,0,0,0,0,0,1,0,0,0,0,0,0,0,0,364516,77,1
0,29.0,3,0,1,0,0,7.7375,1,0,0,0,0,0,0,0,0,0,0,0,0,0,1,0,0,0,36865,611,0
1,43.0,1,1,0,0,1,211.3375,0,0,0,0,0,0,1,0,0,0,1,0,0,0,1,0,0,0,24160,550,1
1,13.0,3,0,0,0,0,7.2292,1,0,0,0,0,0,0,0,0,1,0,0,0,0,0,0,0,0,2687,612,1
1,17.0,1,1,0,1,0,57.0,0,0,0,0,0,0,1,0,0,0,1,0,0,0,1,0,0,0,17474,551,1
0,29.0,1,1,0,0,0,30.0,0,0,0,0,1,0,0,0,0,0,0,0,0,0,1,0,0,0,113501,613,0
0,29.0,3,1,0,1,2,23.45,1,0,0,0,0,0,0,0,0,0,0,0,0,0,1,0,0,0,6607,614,0
0,25.0,3,1,0,0,0,7.05,1,0,0,0,0,0,0,0,0,0,0,0,0,0,1,0,0,0,3101312,615,0
0,25.0,3,1,0,0,0,7.25,1,0,0,0,0,0,0,0,0,0,0,0,0,0,1,0,0,0,374887,616,0
1,18.0,3,1,0,0,0,7.4958,1,0,0,0,0,0,0,0,0,1,0,0,0,0,0,0,0,0,3101265,617,1
0,8.0,3,0,1,4,1,29.125,1,0,0,0,0,0,0,0,0,0,0,1,0,0,0,0,0,0,382652,16,0
0,1.0,3,1,0,1,2,20.575,1,0,0,0,0,0,0,0,0,0,0,1,0,0,0,0,0,0,2315,90,1
0,46.0,1,0,0,0,0,79.2,0,0,0,0,0,0,2,0,0,0,0,0,0,0,1,0,0,0,17593,129,0
0,29.0,3,0,1,0,0,7.75,1,0,0,0,0,0,0,0,0,0,0,0,0,0,1,0,0,0,12460,618,0
0,16.0,2,1,0,0,0,26.0,1,0,0,0,0,0,0,0,0,0,0,0,0,0,1,0,0,0,239865,20,0
1,29.0,3,1,0,8,2,69.55,1,0,0,0,0,0,0,0,0,1,0,0,0,0,0,0,0,0,2343,148,0
0,29.0,1,0,0,0,0,30.6958,1,0,0,0,0,0,0,0,0,0,0,0,0,0,1,0,0,0,17600,619,0
0,25.0,3,1,0,0,0,7.8958,1,0,0,0,0,0,0,0,0,0,0,0,0,0,1,0,0,0,349203,620,0
0,39.0,2,1,0,0,0,13.0,1,0,0,0,0,0,0,0,0,0,0,0,0,0,1,0,0,0,28213,621,0
1,49.0,1,1,0,0,0,25.9292,0,0,0,0,1,0,0,0,0,0,0,0,0,0,0,1,0,0,17465,622,1
1,31.0,3,1,0,0,0,8.6833,1,0,0,0,0,0,0,0,0,0,1,0,0,0,1,0,0,0,349244,623,1
0,30.0,3,0,0,0,0,7.2292,1,0,0,0,0,0,0,0,0,0,0,0,0,0,1,0,0,0,2685,624,0
1,30.0,3,1,0,1,1,24.15,1,0,0,0,0,0,0,0,0,0,1,0,0,0,1,0,0,0,345773,357,0
0,34.0,2,1,0,0,0,13.0,1,0,0,0,0,0,0,0,0,0,0,0,0,0,1,0,0,0,250647,567,0
1,31.0,2,1,0,1,1,26.25,1,0,0,0,0,0,0,0,0,0,1,0,1,0,1,0,0,0,31921,212,1
0,11.0,1,1,0,1,2,120.0,0,0,0,0,0,0,2,0,0,0,0,1,0,0,0,0,0,0,113760,334,1
0,0.42,3,0,0,0,1,8.5167,1,0,0,0,0,0,0,0,0,0,0,1,0,0,0,0,0,0,2625,625,1
0,27.0,3,1,0,0,0,6.975,1,0,0,0,0,0,0,0,0,0,0,0,0,0,1,0,0,0,347089,626,1
0,31.0,3,1,0,0,0,7.775,1,0,0,0,0,0,0,0,0,0,0,0,0,0,1,0,0,0,347063,627,0
0,39.0,1,1,0,0,0,0.0,0,0,0,0,0,1,0,0,0,0,0,0,0,0,1,0,0,0,112050,628,0
1,18.0,3,1,0,0,0,7.775,1,0,0,0,0,0,0,0,0,1,0,0,0,0,0,0,0,0,347087,629,0
0,39.0,2,1,0,0,0,13.0,1,0,0,0,0,0,0,0,0,0,0,0,0,0,1,0,0,0,248723,630,0
1,33.0,1,1,0,1,0,53.1,0,0,1,0,0,0,0,0,0,0,1,0,0,0,1,0,0,0,113806,575,1
0,26.0,3,1,0,0,0,7.8875,1,0,0,0,0,0,0,0,0,0,0,0,0,0,1,0,0,0,3474,631,0
0,39.0,3,1,0,0,0,24.15,1,0,0,0,0,0,0,0,0,0,0,0,0,0,1,0,0,0,48871,467,0
0,35.0,2,1,0,0,0,10.5,1,0,0,0,0,0,0,0,0,0,0,0,0,0,1,0,0,0,28206,632,0
1,6.0,3,1,0,4,2,31.275,1,0,0,0,0,0,0,0,0,1,0,0,0,0,0,0,0,0,347082,13,0
0,30.5,3,1,0,0,0,8.05,1,0,0,0,0,0,0,0,0,0,0,0,0,0,1,0,0,0,364499,633,0
0,29.0,1,1,0,0,0,0.0,0,0,0,0,0,0,1,0,0,0,0,0,0,0,1,0,0,0,112058,634,0
1,23.0,3,1,0,0,0,7.925,1,0,0,0,0,0,0,0,0,1,0,0,0,0,0,0,0,0,3101290,635,0
0,31.0,2,0,0,1,1,37.0042,1,0,0,0,0,0,0,0,0,0,0,0,0,0,1,0,0,0,2079,636,0
0,43.0,3,1,0,0,0,6.45,1,0,0,0,0,0,0,0,0,0,0,0,0,0,1,0,0,0,7075,637,0
0,10.0,3,1,0,3,2,27.9,1,0,0,0,0,0,0,0,0,0,0,1,0,0,0,0,0,0,347088,62,0
1,52.0,1,1,0,1,1,93.5,0,0,0,0,0,0,1,0,0,0,1,0,0,0,1,0,0,0,12749,435,1
0,27.0,3,1,0,0,0,8.6625,1,0,0,0,0,0,0,0,0,0,0,0,0,0,1,0,0,0,315098,638,1
0,38.0,1,1,0,0,0,0.0,1,0,0,0,0,0,0,0,0,0,0,0,0,0,0,0,0,0,19972,639,0
1,27.0,3,1,0,0,1,12.475,0,0,1,0,0,0,0,0,0,0,1,0,0,0,1,0,0,0,392096,592,1
0,2.0,3,1,0,4,1,39.6875,1,0,0,0,0,0,0,0,0,0,0,1,0,0,0,0,0,0,3101295,49,0
0,29.0,3,0,1,0,0,6.95,1,0,0,0,0,0,0,0,0,0,0,0,0,0,1,0,0,0,368323,640,0
0,29.0,3,1,0,0,0,56.4958,1,0,0,0,0,0,0,0,0,0,0,0,0,0,1,0,0,0,1601,72,0
0,1.0,2,0,0,0,2,37.0042,1,0,0,0,0,0,0,0,0,0,0,1,0,0,0,0,0,0,2079,636,1
0,29.0,3,0,1,0,0,7.75,1,0,0,0,0,0,0,0,0,0,0,0,0,0,1,0,0,0,367228,641,1
1,62.0,1,0,0,0,0,80.0,0,0,0,0,0,0,1,0,0,0,1,0,0,0,1,0,0,0,113572,60,1
1,15.0,3,0,0,1,0,14.4542,1,0,0,0,0,0,0,0,0,0,1,0,0,0,1,0,0,0,2659,505,1
0,0.83,2,1,0,1,1,18.75,1,0,0,0,0,0,0,0,0,0,0,1,0,0,0,0,0,0,29106,348,1
0,29.0,3,0,0,0,0,7.2292,1,0,0,0,0,0,0,0,0,0,0,0,0,0,1,0,0,0,2671,642,0
0,23.0,3,1,0,0,0,7.8542,1,0,0,0,0,0,0,0,0,0,0,0,0,0,1,0,0,0,347468,643,0
0,18.0,3,1,0,0,0,8.3,1,0,0,0,0,0,0,0,0,0,0,0,0,0,1,0,0,0,2223,644,0
1,39.0,1,0,0,1,1,83.1583,0,0,1,0,0,0,0,0,0,1,0,0,0,0,0,0,0,0,17756,645,1
0,21.0,3,1,0,0,0,8.6625,1,0,0,0,0,0,0,0,0,0,0,0,0,0,1,0,0,0,315097,646,0
0,29.0,3,1,0,0,0,8.05,1,0,0,0,0,0,0,0,0,0,0,0,0,0,1,0,0,1,392092,647,0
0,32.0,3,1,0,0,0,56.4958,1,0,0,0,0,0,0,0,0,0,0,0,0,0,1,0,0,0,1601,72,1
0,29.0,1,0,0,0,0,29.7,0,1,0,0,0,0,0,0,0,0,0,0,0,0,1,0,0,0,11774,648,1
0,20.0,3,1,0,0,0,7.925,1,0,0,0,0,0,0,0,0,0,0,0,0,0,1,0,0,0,3101287,649,0
0,16.0,2,1,0,0,0,10.5,1,0,0,0,0,0,0,0,0,0,0,0,0,0,1,0,0,0,3,606,0
1,30.0,1,0,0,0,0,31.0,1,0,0,0,0,0,0,0,0,1,0,0,0,0,0,0,0,0,113798,241,1
0,34.5,3,0,0,0,0,6.4375,1,0,0,0,0,0,0,0,0,0,0,0,0,0,1,0,0,0,2683,650,0
0,17.0,3,1,0,0,0,8.6625,1,0,0,0,0,0,0,0,0,0,0,0,0,0,1,0,0,0,315090,651,0
0,42.0,3,1,0,0,0,7.55,1,0,0,0,0,0,0,0,0,0,0,0,0,0,1,0,0,0,5547,652,0
0,29.0,3,1,0,8,2,69.55,1,0,0,0,0,0,0,0,0,0,0,0,0,0,1,0,0,0,2343,148,0
0,35.0,3,0,0,0,0,7.8958,1,0,0,0,0,0,0,0,0,0,0,0,0,0,1,0,0,0,349213,653,0
0,28.0,2,1,0,0,1,33.0,1,0,0,0,0,0,0,0,0,0,0,0,0,0,0,0,0,0,248727,491,0
1,29.0,1,0,0,1,0,89.1042,0,1,0,0,0,0,0,0,0,0,1,0,0,0,1,0,0,0,17453,383,1
0,4.0,3,1,0,4,2,31.275,1,0,0,0,0,0,0,0,0,0,0,1,0,0,0,0,0,0,347082,13,0
0,74.0,3,1,0,0,0,7.775,1,0,0,0,0,0,0,0,0,0,0,0,0,0,1,0,0,0,347060,654,0
1,9.0,3,0,0,1,1,15.2458,1,0,0,0,0,0,0,0,0,1,0,0,0,0,0,0,0,0,2678,130,0
1,16.0,1,1,0,0,1,39.4,0,0,0,0,1,0,0,0,0,1,0,0,0,0,0,0,0,0,17592,655,1
1,44.0,2,1,0,1,0,26.0,1,0,0,0,0,0,0,0,0,0,1,0,0,0,1,0,0,0,244252,223,0
1,18.0,3,1,0,0,1,9.35,1,0,0,0,0,0,0,0,0,0,1,0,0,0,1,0,0,0,392091,656,1
1,45.0,1,1,0,1,1,164.8667,1,0,0,0,0,0,0,0,0,0,1,0,0,0,1,0,0,0,36928,283,1
0,51.0,1,1,0,0,0,26.55,0,0,1,0,0,0,0,0,0,0,0,0,0,0,1,0,0,0,113055,657,1
1,24.0,3,0,0,0,3,19.2583,1,0,0,0,0,0,0,0,0,0,1,0,0,0,1,0,0,0,2666,379,1
0,29.0,3,0,0,0,0,7.2292,1,0,0,0,0,0,0,0,0,0,0,0,0,0,1,0,0,0,2629,658,0
0,41.0,3,1,0,2,0,14.1083,1,0,0,0,0,0,0,0,0,0,0,0,0,0,1,0,0,0,350026,659,0
0,21.0,2,1,0,1,0,11.5,1,0,0,0,0,0,0,0,0,0,0,0,0,0,1,0,0,0,28134,660,0
1,48.0,1,1,0,0,0,25.9292,0,0,0,0,1,0,0,0,0,0,1,0,0,0,1,0,0,0,17466,661,1
1,29.0,3,1,0,8,2,69.55,1,0,0,0,0,0,0,0,0,1,0,0,0,0,0,0,0,0,2343,148,0
0,24.0,2,1,0,0,0,13.0,1,0,0,0,0,0,0,0,0,0,0,0,0,0,1,0,0,0,233866,662,0
1,42.0,2,1,0,0,0,13.0,1,0,0,0,0,0,0,0,0,0,1,0,0,0,1,0,0,0,236852,663,1
1,27.0,2,0,0,1,0,13.8583,1,0,0,0,0,0,0,0,0,1,0,0,0,0,0,0,0,0,2149,664,1
0,31.0,1,1,0,0,0,50.4958,0,0,0,0,0,1,0,0,0,0,0,0,0,0,1,0,0,0,17590,665,0
0,29.0,3,1,0,0,0,9.5,1,0,0,0,0,0,0,0,0,0,0,0,0,0,1,0,0,0,345777,666,0
0,4.0,3,1,0,1,1,11.1333,1,0,0,0,0,0,0,0,0,0,0,1,0,0,0,0,0,0,347742,8,1
0,26.0,3,1,0,0,0,7.8958,1,0,0,0,0,0,0,0,0,0,0,0,0,0,1,0,0,0,349248,667,0
1,47.0,1,1,0,1,1,52.5542,0,0,0,0,1,0,0,0,0,0,1,0,0,0,1,0,0,0,11751,222,1
0,33.0,1,1,0,0,0,5.0,0,0,0,0,0,0,3,0,0,0,0,0,0,0,1,0,0,0,695,668,0
0,47.0,3,1,0,0,0,9.0,1,0,0,0,0,0,0,0,0,0,0,0,0,0,1,0,0,0,345765,669,0
1,28.0,2,0,0,1,0,24.0,1,0,0,0,0,0,0,0,0,0,1,0,0,0,1,0,0,0,3381,274,1
1,15.0,3,0,0,0,0,7.225,1,0,0,0,0,0,0,0,0,1,0,0,0,0,0,0,0,0,2667,670,1
0,20.0,3,1,0,0,0,9.8458,1,0,0,0,0,0,0,0,0,0,0,0,0,0,1,0,0,0,7534,128,0
0,19.0,3,1,0,0,0,7.8958,1,0,0,0,0,0,0,0,0,0,0,0,0,0,1,0,0,0,349212,671,0
0,29.0,3,1,0,0,0,7.8958,1,0,0,0,0,0,0,0,0,0,0,0,0,0,1,0,0,0,349217,672,0
1,56.0,1,0,0,0,1,83.1583,0,1,0,0,0,0,0,0,0,0,1,0,0,0,1,0,0,0,11767,276,1
1,25.0,2,1,0,0,1,26.0,1,0,0,0,0,0,0,0,0,0,1,0,0,0,1,0,0,0,230433,232,1
0,33.0,3,1,0,0,0,7.8958,1,0,0,0,0,0,0,0,0,0,0,0,0,0,1,0,0,0,349257,673,0
1,22.0,3,1,0,0,0,10.5167,1,0,0,0,0,0,0,0,0,1,0,0,0,0,0,0,0,0,7552,674,0
0,28.0,2,1,0,0,0,10.5,1,0,0,0,0,0,0,0,0,0,0,0,0,0,1,0,0,0,34068,675,0
0,25.0,3,1,0,0,0,7.05,1,0,0,0,0,0,0,0,0,0,0,0,0,0,1,0,0,0,392076,676,0
1,39.0,3,0,1,0,5,29.125,1,0,0,0,0,0,0,0,0,0,1,0,0,0,1,0,0,0,382652,16,0
0,27.0,2,1,0,0,0,13.0,1,0,0,0,0,0,0,0,0,0,0,0,0,0,0,0,0,0,211536,677,0
1,19.0,1,1,0,0,0,30.0,0,0,0,0,0,0,1,0,0,1,0,0,0,0,0,0,0,0,112053,678,1
1,29.0,3,1,0,1,2,23.45,1,0,0,0,0,0,0,0,0,1,0,0,0,0,0,0,0,0,6607,614,0
0,26.0,1,0,0,0,0,30.0,0,1,0,0,0,0,0,0,0,0,0,0,0,0,1,0,0,0,111369,679,1
0,32.0,3,0,1,0,0,7.75,1,0,0,0,0,0,0,0,0,0,0,0,0,0,1,0,0,0,370376,680,0
